ts_code,name,result_2019,result_2020
000004.SZ,国华网安,-0.027108433734939773,-0.5
000005.SZ,世纪星源,-0.1854545454545454,-0.1942446043165466
000007.SZ,全新好,-0.5075,-0.5212636695018226
000008.SZ,神州高铁,-0.42111653620605016,-0.2670272458030483
000014.SZ,沙河股份,-0.19128765758203228,-0.015367102617808395
000017.SZ,*ST中华A,-0.4334763948497854,-0.2605042016806722
000025.SZ,特力A,-0.2218359599019754,-0.18745293382063388
000031.SZ,大悦城,-0.24307502386047541,-0.28630113954085873
000035.SZ,中国天楹,-0.2446043165467625,-0.10064239828693784
000040.SZ,东旭蓝天,-0.6321762772702455,-0.2314540059347182
000042.SZ,中洲控股,-0.20064891528183523,-0.037937350708956576
000046.SZ,泛海控股,-0.427528056340104,-0.3102645675161315
000058.SZ,深赛格,-0.012026916273106633,-0.022304465159091465
000068.SZ,华控赛格,-0.34803921568627444,-0.13915857605177986
000070.SZ,特发信息,-0.10876282493673799,-0.3027658086935288
000150.SZ,宜华健康,-0.6554884733299353,-0.249496981891348
000151.SZ,中成股份,-0.30635792407607454,-0.08915843245803215
000410.SZ,*ST沈机,-0.4022801302931595,-0.2732673267326732
000413.SZ,东旭光电,-0.5789151074716561,-0.3878205128205129
000415.SZ,渤海租赁,-0.4432432432432432,-0.28719723183391
000502.SZ,绿景控股,-0.2631578947368421,-0.2411924119241192
000503.SZ,国新健康,-0.46738442051931595,-0.38252569750367105
000506.SZ,中润资源,-0.2787456445993032,-0.19767441860465124
000514.SZ,渝开发,-0.09612860892388474,-0.13255667506297242
000523.SZ,广州浪奇,-0.34816082218809413,-0.5848476151963022
000525.SZ,红太阳,-0.6525672838327925,-0.41442542787286063
000537.SZ,广宇发展,-0.22905387295631197,-0.10246365505992477
000540.SZ,中天金融,-0.253411965264305,-0.13580246913580263
000546.SZ,金圆股份,-0.2012084905538051,-0.1981088972168455
000553.SZ,安道麦A,-0.02666811957429778,-0.12651289408821653
000561.SZ,烽火电子,-0.022556390977443823,-0.00611620795107031
000571.SZ,*ST大洲,-0.36390532544378706,-0.1666666666666668
000585.SZ,*ST东电,-0.26086956521739124,-0.037735849056603835
000586.SZ,汇源通信,-0.2882703777335985,-0.4111842105263158
000593.SZ,大通燃气,-0.2945619335347432,-0.02708333333333339
000595.SZ,*ST宝实,-0.24999999999999997,-0.26618705035971213
000605.SZ,渤海股份,-0.3826398868458275,-0.07260192009573269
000606.SZ,顺利办,-0.5286195286195287,-0.323671497584541
000607.SZ,华媒控股,-0.10633488984299089,-0.05955334987593061
000608.SZ,阳光股份,-0.35447761194029853,-0.3162055335968379
000609.SZ,中迪投资,-0.3589743589743591,-0.2857142857142857
000611.SZ,ST天首,-0.5636070853462158,-0.21676300578034688
000617.SZ,中油资本,-0.15415293665036192,-0.07769792732861239
000620.SZ,新华联,-0.3683715012722645,-0.1423487544483985
000622.SZ,恒立实业,-0.5,-0.18269230769230774
000627.SZ,天茂集团,-0.2951457167201028,-0.3254263800136868
000632.SZ,三木集团,-0.15061728395061721,-0.23042505592841162
000665.SZ,湖北广电,-0.26196906358437283,-0.30536736865409286
000666.SZ,经纬纺机,-0.27640909448186524,-0.17014017491980066
000667.SZ,美好置业,-0.2749003984063745,-0.3568904593639576
000669.SZ,*ST金鸿,-0.6289517470881864,-0.05907172995780601
000673.SZ,*ST当代,-0.569937369519833,-0.30405405405405406
000676.SZ,智度股份,-0.16065406757230635,-0.20802272692141213
000678.SZ,襄阳轴承,-0.07722007722007715,-0.1464285714285714
000681.SZ,视觉中国,-0.4248393070398252,-0.16152553759268265
000687.SZ,*ST华讯,-0.7752043596730245,-0.5747422680412371
000688.SZ,国城矿业,-0.22482638888888892,-0.4551555826723612
000695.SZ,滨海能源,-0.43454935622317603,-0.287837837837838
000697.SZ,炼石航空,-0.4184738955823293,-0.21645021645021648
000707.SZ,ST双环,-0.10367892976588623,-0.03249097472924164
000710.SZ,贝瑞基因,-0.029233870967742045,-0.1966073414905451
000711.SZ,京蓝科技,-0.6252045826513912,-0.386058981233244
000726.SZ,鲁泰A,-0.3248610679740884,-0.2696637808455876
000732.SZ,泰禾集团,-0.6190292862772097,-0.4560327198364007
000735.SZ,罗牛山,-0.2598110866030877,-0.17119986931307699
000750.SZ,国海证券,-0.12633474398829417,-0.01636873699178869
000755.SZ,山西路桥,-0.2905982905982907,-0.10270270270270289
000757.SZ,浩物股份,-0.2316831683168317,-0.020202020202020228
000766.SZ,通化金马,-0.36443148688046645,-0.245674740484429
000782.SZ,美达股份,-0.23037571419400424,-0.015083246684895047
000793.SZ,华闻集团,-0.21864951768488744,-0.19
000802.SZ,北京文化,-0.5100460108125007,-0.4554455445544554
000803.SZ,北清环能,-0.04706853839801826,-0.15827862873814758
000809.SZ,铁岭新城,-0.24279835390946508,-0.11961722488038265
000813.SZ,德展健康,-0.5288985823336968,-0.14285714285714285
000815.SZ,美利云,-0.2832116788321168,-0.3606770833333333
000819.SZ,岳阳兴长,-0.26892979245087534,-0.17781056370267975
000826.SZ,启迪环境,-0.4638553575774926,-0.31757575757575757
000835.SZ,*ST长动,-0.5291375291375291,-0.4510869565217391
000836.SZ,富通信息,-0.4621026894865524,-0.46987951807228917
000839.SZ,中信国安,-0.42977528089887646,-0.3493589743589745
000852.SZ,石化机械,-0.22815173403001904,-0.14541832669322705
000856.SZ,冀东装备,-0.5306267806267806,-0.3998178506375228
000861.SZ,海印股份,-0.1251702450439063,-0.001662245713951657
000882.SZ,华联股份,-0.20614035087719287,-0.09950248756218899
000889.SZ,中嘉博创,-0.11800446717023456,-0.018235485967273497
000892.SZ,欢瑞世纪,-0.4616977225672878,-0.4077448747152619
000897.SZ,津滨发展,-0.08860759493670886,-0.11475409836065574
000901.SZ,航天科技,-0.11309692212764696,-0.08069305720898905
000912.SZ,泸天化,-0.1434782608695651,-0.012531328320802013
000917.SZ,电广传媒,-0.2452272205788419,-0.1920009609601634
000926.SZ,福星股份,-0.21756187037232658,-0.04942994614472782
000952.SZ,广济药业,-0.09948233563725573,-0.1538532134855722
000965.SZ,天保基建,-0.315621893282389,-0.13534713684741825
000968.SZ,蓝焰控股,-0.38799371089092194,-0.2333782747772756
000972.SZ,*ST中基,-0.3789473684210526,-0.4
000985.SZ,大庆华科,-0.07647148345747658,-0.09498477677290097
001979.SZ,招商蛇口,-0.26987955301214134,-0.24602571162846407
002016.SZ,世荣兆业,-0.23194807002132015,-0.031343283582089564
002021.SZ,ST中捷,-0.37894736842105264,-0.10152284263959385
002023.SZ,海特高新,-0.07405007538936718,-0.36272519189834485
002024.SZ,苏宁易购,-0.3217027541843981,-0.21185825630531108
002031.SZ,巨轮智能,-0.09374999999999994,-0.11224489795918369
002035.SZ,华帝股份,-0.10026567346800601,-0.24739253545689213
002047.SZ,宝鹰股份,-0.5374214005481808,-0.20698254364089766
002051.SZ,中工国际,-0.39194107514792476,-0.17683464377796476
002052.SZ,*ST同洲,-0.5857843137254902,-0.37407407407407417
002058.SZ,*ST威尔,-0.2839785106859722,-0.48512585812356984
002071.SZ,长城退,-0.9252136752136751,-0.8565573770491803
002072.SZ,*ST凯瑞,-0.31259720062208396,-0.06553911205073991
002076.SZ,*ST雪莱,-0.315625,-0.2234042553191489
002083.SZ,孚日股份,-0.10660965794768609,-0.4147365414822219
002085.SZ,万丰奥威,-0.2770658405679847,-0.18182386053194008
002086.SZ,*ST东洋,-0.6195899772209568,-0.27074235807860264
002089.SZ,ST新海,-0.6363636363636364,-0.4487632508833922
002090.SZ,金智科技,-0.18401594054926668,-0.25097227920269966
002093.SZ,国脉科技,-0.22439486436541567,-0.48636853097050214
002094.SZ,青岛金王,-0.34817813765182193,-0.17435897435897435
002095.SZ,生意宝,-0.3014728585263583,-0.2780488943890536
002098.SZ,浔兴股份,-0.2769607843137255,-0.04220779220779217
002103.SZ,广博股份,-0.03908045977011493,-0.0047619047619047805
002104.SZ,恒宝股份,-0.09846153846153832,-0.12143928035982
002114.SZ,罗平锌电,-0.11173974540311181,-0.05988023952095806
002115.SZ,三维通信,-0.3459213524333883,-0.46848821401818536
002116.SZ,中国海诚,-0.09096585144349131,-0.16061819256138618
002117.SZ,东港股份,-0.03743593561667798,-0.1715465664396873
002118.SZ,紫鑫药业,-0.3120728929384965,-0.4428044280442804
002120.SZ,韵达股份,-0.09591458949820639,-0.2551848624424252
002121.SZ,*ST科陆,-0.22532188841201722,-0.083756345177665
002137.SZ,实益达,-0.23836389280677,-0.26229508196721313
002141.SZ,贤丰控股,-0.3348729792147806,-0.02702702702702701
002144.SZ,宏达高科,-0.1386376849040759,-0.04271433442811248
002146.SZ,荣盛发展,-0.13997109061969285,-0.09572753804461118
002148.SZ,北纬科技,-0.3235486027989235,-0.1355932203389829
002161.SZ,远望谷,-0.14054054054054063,-0.5087538619979404
002167.SZ,东方锆业,-0.040665434380776175,-0.1005199306759097
002168.SZ,惠程科技,-0.5894308943089431,-0.451831750339213
002174.SZ,游族网络,-0.28523069903379544,-0.39882796293735295
002175.SZ,ST东网,-0.5357142857142857,-0.26760563380281677
002178.SZ,延华智能,-0.15775401069518735,-0.28082191780821925
002188.SZ,*ST巴士,-0.2404092071611252,-0.3773584905660376
002193.SZ,如意集团,-0.32409424205643217,-0.0708661417322833
002195.SZ,二三四五,-0.38359203425830046,-0.38405345449934675
002199.SZ,东晶电子,-0.26562500000000006,-0.2401847575057737
002200.SZ,ST云投,-0.13207547169811326,-0.2740315638450502
002205.SZ,国统股份,-0.10230263219537422,-0.05354837859908856
002211.SZ,宏达新材,-0.07597535934291583,-0.14122137404580154
002215.SZ,诺普信,-0.16264803553715457,-0.054828468206654574
002217.SZ,合力泰,-0.30616741757101,-0.46314973302006124
002224.SZ,三力士,-0.08118603421094513,-0.23394486280351068
002229.SZ,鸿博股份,-0.13877693510382288,-0.045790251107828736
002231.SZ,奥维通信,-0.32593619972260746,-0.424170616113744
002235.SZ,安妮股份,-0.1761467889908257,-0.464839094159714
002243.SZ,力合科创,-0.323119818592905,-0.2330653882706542
002247.SZ,*ST聚力,-0.5699152542372881,-0.03333333333333339
002248.SZ,华东数控,-0.35327963176064436,-0.3018633540372671
002256.SZ,*ST兆新,-0.41489361702127653,-0.19117647058823534
002265.SZ,西仪股份,-0.2841880341880341,-0.15510718789407307
002268.SZ,卫士通,-0.09358081748281062,-0.28348369331810624
002270.SZ,华明装备,-0.016526385260055468,-0.1261364589785838
002279.SZ,久其软件,-0.38828337874659397,-0.3113496932515336
002281.SZ,光迅科技,-0.10233027152227096,-0.3182316874348664
002302.SZ,西部建设,-0.04587377328113769,-0.1659466205837173
002303.SZ,美盈森,-0.1366217076365473,-0.20161348381943617
002305.SZ,南国置业,-0.2874494948433236,-0.004926108374384176
002307.SZ,北新路桥,-0.15563506261180676,-0.16312056737588648
002309.SZ,中利集团,-0.4821222606689735,-0.45443499392466585
002310.SZ,东方园林,-0.47351424316980645,-0.3794266441821247
002313.SZ,日海智能,-0.5253516781404233,-0.4444444444444444
002316.SZ,亚联发展,-0.4526212158503568,-0.45403899721448465
002321.SZ,华英农业,-0.4297188755020081,-0.38660907127429806
002325.SZ,洪涛股份,-0.2471378978409666,-0.22665331220167415
002336.SZ,ST人乐,-0.2884026270817662,-0.19573643410852704
002337.SZ,赛象科技,-0.24406766008860248,-0.1004169662113587
002341.SZ,新纶科技,-0.6813874900609594,-0.49457364341085275
002343.SZ,慈文传媒,-0.32566168009205976,-0.3065088757396449
002348.SZ,高乐股份,-0.27619047619047626,-0.22972972972972983
002349.SZ,精华制药,-0.21003742187945207,-0.24247226624405693
002350.SZ,北京科锐,-0.1205427559279083,-0.07501322051824409
002357.SZ,富临运业,-0.11990295061438516,-0.1598639455782313
002358.SZ,森源电气,-0.8028190737451081,-0.538243626062323
002364.SZ,中恒电气,-0.2544218632494307,-0.41286603193626525
002365.SZ,永安药业,-0.08950774476469205,-0.16049338486400438
002366.SZ,台海核电,-0.637342606354637,-0.2738095238095239
002369.SZ,卓翼科技,-0.29784537389100124,-0.49313815187557186
002370.SZ,亚太药业,-0.7410748710854025,-0.16829745596868886
002374.SZ,中锐股份,-0.2411575562700964,-0.08880308880308875
002376.SZ,新北洋,-0.4000803811951452,-0.14488629325934546
002377.SZ,国创高新,-0.08220025066146756,-0.010892500712859882
002383.SZ,合众思壮,-0.4610878661087865,-0.4404865334491746
002393.SZ,力生制药,-0.09300347643301783,-0.18888449059639034
002399.SZ,海普瑞,-0.11026335554596732,-0.1246879989854563
002403.SZ,爱仕达,-0.007433166252561747,-0.0074999999999999095
002411.SZ,延安必康,-0.7546296296296297,-0.5077399380804954
002412.SZ,汉森制药,-0.2926527133288218,-0.22446023307788834
002417.SZ,深南股份,-0.3137032842582106,-0.06191950464396281
002418.SZ,*ST康盛,-0.3954983922829582,-0.17543859649122803
002419.SZ,天虹股份,-0.2626968026856722,-0.16980611194117343
002421.SZ,达实智能,-0.07601454775280084,-0.019343440014972624
002424.SZ,贵州百灵,-0.0235528797487522,-0.04073056090911609
002426.SZ,*ST胜利,-0.10683760683760689,-0.2482014388489209
002427.SZ,ST尤夫,-0.4539329763740156,-0.14239029072208811
002433.SZ,太安堂,-0.08645073628760955,-0.05530156866034711
002437.SZ,誉衡药业,-0.03308152416995618,-0.0036630036630036006
002446.SZ,盛路通信,-0.29198223657650385,-0.32167832167832167
002447.SZ,*ST晨鑫,-0.336734693877551,-0.09722222222222235
002449.SZ,国星光电,-0.10594090344003496,-0.21044372384094814
002451.SZ,摩恩电气,-0.4983579638752052,-0.37075180226570553
002456.SZ,欧菲光,-0.01861782944585502,-0.3863778849377241
002464.SZ,*ST众应,-0.5950626001334302,-0.5852272727272727
002468.SZ,申通快递,-0.46475982249209635,-0.46841705289573127
002470.SZ,*ST金正,-0.7647975077881619,-0.38367346938775515
002471.SZ,中超控股,-0.1711890199422057,-0.1906354515050169
002473.SZ,ST圣莱,-0.2645259938837921,-0.4374269005847954
002474.SZ,榕基软件,-0.11882923043097811,-0.2596899224806201
002476.SZ,宝莫股份,-0.1786492374727669,-0.42705167173252284
002478.SZ,常宝股份,-0.08614369501466261,-0.15283940308941046
002482.SZ,广田集团,-0.5231097118994298,-0.2857332672221304
002485.SZ,希努尔,-0.37092680353727925,-0.086785009861933
002486.SZ,嘉麟杰,-0.20942408376963348,-0.14447592067988663
002491.SZ,通鼎互联,-0.49611622875496275,-0.4171686746987951
002494.SZ,华斯股份,-0.3988876529477198,-0.22197802197802188
002495.SZ,佳隆股份,-0.30246913580246926,-0.11718750000000006
002502.SZ,*ST鼎龙,-0.31981981981981994,-0.05329153605015679
002503.SZ,搜于特,-0.23111111111111118,-0.5
002504.SZ,ST弘高,-0.5904522613065327,-0.35573122529644274
002506.SZ,协鑫集成,-0.3598409542743538,-0.34151329243353773
002512.SZ,达华智能,-0.2567567567567567,-0.25818882466281307
002513.SZ,*ST蓝丰,-0.28109854604200335,-0.1375968992248062
002514.SZ,宝馨科技,-0.3183520599250936,-0.22055674518201274
002520.SZ,日发精机,-0.1936613747246785,-0.11085672259638596
002523.SZ,天桥起重,-0.2168804165032424,-0.020576154731339735
002528.SZ,英飞拓,-0.07008086253369265,-0.28124999999999994
002529.SZ,*ST海源,-0.05405405405405404,-0.013353115727003049
002535.SZ,*ST林重,-0.49249249249249244,-0.2838983050847457
002542.SZ,中化岩土,-0.31661510479525407,-0.19929315742931566
002546.SZ,新联电子,-0.03931066122985099,-0.24422787655834874
002547.SZ,春兴精工,-0.3649906890130354,-0.6164229471316085
002558.SZ,巨人网络,-0.2840000515484613,-0.167362575731987
002564.SZ,天沃科技,-0.3326771653543307,-0.20794392523364494
002569.SZ,ST步森,-0.1378958120531155,-0.09539121114683831
002573.SZ,清新环境,-0.29041603974447433,-0.06523008771802062
002574.SZ,明牌珠宝,-0.17980610561056112,-0.11118313700069288
002575.SZ,*ST群兴,-0.39813581890812255,-0.3273809523809525
002583.SZ,海能达,-0.33940184908447607,-0.22121212121212122
002587.SZ,奥拓电子,-0.06408803885372027,-0.30644876186162673
002589.SZ,瑞康医药,-0.3701458908181778,-0.17202268431001902
002591.SZ,恒大高新,-0.16666666666666663,-0.23898531375166887
002592.SZ,ST八菱,-0.7908555907650521,-0.48494983277591974
002596.SZ,海南瑞泽,-0.19031096661700372,-0.3467336683417085
002599.SZ,盛通股份,-0.2571095125509331,-0.023041474654377767
002602.SZ,世纪华通,-0.36206587095037246,-0.4156606233170165
002615.SZ,哈尔斯,-0.19316254111130338,-0.21248285196401256
002616.SZ,长青集团,-0.007949996223279736,-0.1557021244453445
002618.SZ,丹邦科技,-0.6958092485549133,-0.5932367149758454
002619.SZ,艾格拉斯,-0.6028985507246376,-0.40434782608695635
002621.SZ,美吉姆,-0.20414997323112094,-0.15733698538748148
002622.SZ,融钰集团,-0.35692307692307695,-0.3214285714285715
002628.SZ,成都路桥,-0.2726721466109689,-0.10314460183608201
002629.SZ,ST仁智,-0.5408163265306122,-0.46268656716417916
002631.SZ,德尔未来,-0.07252410166520575,-0.16435895558946564
002632.SZ,道明光学,-0.06202790021776701,-0.14328664809998404
002633.SZ,申科股份,-0.19680196801968017,-0.1796482412060301
002638.SZ,*ST勤上,-0.279245283018868,-0.356902356902357
002640.SZ,跨境通,-0.6404722083369352,-0.3489148580968281
002642.SZ,荣联科技,-0.36842105263157887,-0.30210016155088854
002644.SZ,佛慈制药,-0.035972445855278694,-0.12538010642980033
002647.SZ,仁东控股,-0.09380595724135712,-0.45268542199488504
002654.SZ,万润科技,-0.12531328320802007,-0.18266978922716623
002656.SZ,ST摩登,-0.7309644670050761,-0.22815533980582522
002657.SZ,中科金财,-0.18459191456903135,-0.27476255088195395
002659.SZ,凯文教育,-0.4364864864864865,-0.23486238532110096
002663.SZ,普邦股份,-0.31128404669260695,-0.25630252100840334
002665.SZ,首航高科,-0.19148936170212774,-0.20557491289198612
002671.SZ,龙泉股份,-0.009478672985781976,-0.027906976744186
002672.SZ,东江环保,-0.3370618302831517,-0.1658626168108299
002679.SZ,福建金森,-0.3782887982098197,-0.20061504950310716
002682.SZ,龙洲股份,-0.2618845943165573,-0.1950555694778741
002684.SZ,ST猛狮,-0.6639741518578353,-0.657331136738056
002685.SZ,华东重机,-0.23107995197016398,-0.25821833075103007
002686.SZ,亿利达,-0.25164193619508135,-0.03467153284671541
002689.SZ,远大智能,-0.11560693641618502,-0.17741935483870974
002691.SZ,冀凯股份,-0.43116678536606723,-0.17800426669167288
002692.SZ,ST远程,-0.37901498929336197,-0.18767507002801118
002694.SZ,顾地科技,-0.46924829157175396,-0.22847682119205295
002696.SZ,百洋股份,-0.40461349193289287,-0.1495934959349593
002700.SZ,ST浩源,-0.6166228685033422,-0.3067994812912964
002708.SZ,光洋股份,-0.2466585662211422,-0.009584664536741288
002712.SZ,思美传媒,-0.26106449418748445,-0.25487012987012986
002717.SZ,岭南股份,-0.5040645629400717,-0.33097096494410094
002718.SZ,友邦吊顶,-0.17001591353234408,-0.15140298296765653
002719.SZ,*ST麦趣,-0.24823321554770314,-0.0565410199556541
002721.SZ,金一文化,-0.5899390243902439,-0.35645933014354064
002722.SZ,金轮股份,-0.20115911016606136,-0.05064658109722375
002725.SZ,跃岭股份,-0.11189684744869416,-0.29128117377995355
002740.SZ,爱迪尔,-0.2501596960421229,-0.49937733499377335
002751.SZ,易尚展示,-0.13827249820461712,-0.16774679155355932
002761.SZ,多喜爱,-0.15138784093449598,-0.02705795186030674
002767.SZ,先锋电子,-0.3010738335350894,-0.15458141067897152
002769.SZ,普路通,-0.3550584042763809,-0.16974436123372308
002770.SZ,ST科迪,-0.3221246743733206,-0.10900473933649282
002773.SZ,康弘药业,-0.1760901146874382,-0.41453463591906325
002774.SZ,快意电梯,-0.24335088429863627,-0.10065519795632077
002776.SZ,ST柏龙,-0.7548327361709246,-0.6380573870293368
002779.SZ,中坚科技,-0.2691526120032574,-0.2893503529010808
002781.SZ,奇信股份,-0.506209935897436,-0.4699358987486945
002787.SZ,华源控股,-0.10276702889692596,-0.010379536930849614
002789.SZ,建艺集团,-0.18271234174014922,-0.05549751915482489
002790.SZ,瑞尔特,-0.09989621310281599,-0.19416821791550107
002792.SZ,通宇通讯,-0.26362357503784545,-0.4974107583007105
002795.SZ,永和智控,-0.2907179948819326,-0.12811693895098894
002796.SZ,世嘉科技,-0.3338727177491768,-0.6218233375416684
002806.SZ,华锋股份,-0.4036417321541858,-0.12242980899697319
002808.SZ,恒久科技,-0.2014672452986156,-0.09330253461854127
002811.SZ,郑中设计,-0.34043673171763006,-0.21018367821436867
002815.SZ,崇达技术,-0.14880984842081157,-0.2902861400843364
002826.SZ,易明医药,-0.10361579297522029,-0.09021008723684656
002828.SZ,贝肯能源,-0.3000134716421933,-0.07785382065041625
002830.SZ,名雕股份,-0.3364599480400798,-0.08082533283827506
002836.SZ,新宏泽,-0.21286380371395566,-0.10881902004549647
002848.SZ,高斯贝尔,-0.1737556561085973,-0.26901521216973573
002849.SZ,威星智能,-0.20314916871208252,-0.0914112211221121
002856.SZ,美芝股份,-0.4380125422093584,-0.19876203576341125
002861.SZ,瀛通通讯,-0.07131626532368116,-0.3037369816387637
002862.SZ,实丰文化,-0.3219680337226661,-0.38361627688550765
002864.SZ,盘龙药业,-0.20518580127768218,-0.07370206430247522
002871.SZ,伟隆股份,-0.24812887376109966,-0.1782368438313037
002872.SZ,ST天圣,-0.4672036823935558,-0.1581818181818182
002877.SZ,智能自控,-0.2787261939345096,-0.11459837151473658
002882.SZ,金龙羽,-0.11747436608008871,-0.1788315874294922
002885.SZ,京泉华,-0.020606879110766998,-0.22509753143843672
002888.SZ,惠威科技,-0.23142377372902864,-0.2185795273768547
002895.SZ,川恒股份,-0.13772361632054864,-0.08860077207542913
002898.SZ,赛隆药业,-0.2582436501702015,-0.12304464387984758
002899.SZ,英派斯,-0.1224509513183195,-0.09122807017543864
002902.SZ,铭普光磁,-0.2828685258964145,-0.5012860512133614
002907.SZ,华森制药,-0.3433345795945495,-0.32540963354783625
002910.SZ,庄园牧场,-0.15892406813173923,-0.11718842748889112
002912.SZ,中新赛克,-0.1270209986856718,-0.5613630647640182
002917.SZ,金奥博,-0.07604877565808327,-0.1030315402674287
002927.SZ,泰永长征,-0.45571919131692556,-0.27747857084227423
002929.SZ,润建股份,-0.2047577152897235,-0.26788725949234243
002933.SZ,新兴装备,-0.3970021697203472,-0.28289252999612946
002935.SZ,天奥电子,-0.07755595344673238,-0.059528710127611656
002939.SZ,长城证券,-0.04345471180237888,-0.13270010867130666
002940.SZ,昂利康,-0.01169768099547525,-0.18682283461818597
002941.SZ,新疆交建,-0.5613576816196904,-0.25027310539493414
002943.SZ,宇晶股份,-0.4914607087827428,-0.2748901818124297
300011.SZ,鼎汉技术,-0.20314960629921255,-0.3020689655172414
300013.SZ,新宁物流,-0.054504986517142466,-0.14792899408284024
300017.SZ,网宿科技,-0.31604473044840614,-0.2603916962058824
300024.SZ,机器人,-0.2585330428467683,-0.2574545454545454
300025.SZ,华星创业,-0.28260869565217384,-0.40108892921960065
300036.SZ,超图软件,-0.0716414298309073,-0.30421065850569
300038.SZ,ST数知,-0.7366511473229133,-0.7138592605249017
300043.SZ,星辉娱乐,-0.07563530997915342,-0.2028610802804462
300044.SZ,赛为智能,-0.24582544802344264,-0.20650406504065036
300047.SZ,天源迪科,-0.11457864536453632,-0.134873302918705
300050.SZ,世纪鼎利,-0.16984402079722702,-0.2396825396825397
300051.SZ,ST三五,-0.5048387096774193,-0.6310096153846154
300052.SZ,中青宝,-0.34418708310088475,-0.47342772855641185
300053.SZ,欧比特,-0.006441667981713067,-0.21481481481481482
300057.SZ,万顺新材,-0.10734983780194336,-0.12788658799600225
300064.SZ,*ST金刚,-0.5756717295746745,-0.3453947368421053
300070.SZ,碧水源,-0.09986480520913812,-0.26619303433886865
300071.SZ,*ST嘉信,-0.5376044568245125,-0.319672131147541
300074.SZ,华平股份,-0.03733333333333335,-0.19777777777777783
300075.SZ,数字政通,-0.09773773664295489,-0.23296749558037527
300077.SZ,国民技术,-0.14211212516297256,-0.014970059880239441
300078.SZ,思创医惠,-0.2664463480184801,-0.4167131543619234
300084.SZ,海默科技,-0.2052700878806122,-0.012669726525148207
300094.SZ,国联水产,-0.26474325327734527,-0.00531914893616997
300096.SZ,易联众,-0.08599508599508592,-0.21518987341772147
300097.SZ,智云股份,-0.3494809688581316,-0.21503131524008356
300098.SZ,高新兴,-0.3714757512100195,-0.32769230769230767
300107.SZ,建新股份,-0.37559970917666163,-0.0402524683392791
300108.SZ,吉药控股,-0.43426294820717126,-0.25263157894736843
300109.SZ,新开源,-0.055467976979773,-0.1183438049761246
300113.SZ,顺网科技,-0.07603482022965637,-0.4325082284023312
300117.SZ,嘉寓股份,-0.17216119684614864,-0.03254437869822483
300130.SZ,新国都,-0.05691047130718719,-0.22675911102271135
300133.SZ,华策影视,-0.14058095358539988,-0.10651827530274041
300134.SZ,大富科技,-0.03497267759562835,-0.5039325842696629
300135.SZ,宝利国际,-0.20482871174239337,-0.09583394626078115
300137.SZ,先河环保,-0.11578466619695994,-0.0018898932832717532
300140.SZ,中环装备,-0.37222222222222223,-0.6073662265462126
300145.SZ,中金环境,-0.13366136403032391,-0.1874871372710435
300148.SZ,天舟文化,-0.3326315789473685,-0.17232375979112283
300150.SZ,世纪瑞尔,-0.09132526428680872,-0.22485988433514478
300153.SZ,科泰电源,-0.2240163238045034,-0.13229263986516732
300157.SZ,恒泰艾普,-0.23866348448687363,-0.0988700564971752
300159.SZ,新研股份,-0.4366707850312227,-0.32038834951456313
300163.SZ,先锋新材,-0.034482758620689745,-0.04273504273504273
300164.SZ,通源石油,-0.4393768164843034,-0.1839399379794354
300166.SZ,东方国信,-0.15141134062602968,-0.4106163422916927
300167.SZ,迪威迅,-0.2495164410058027,-0.3576158940397351
300170.SZ,汉得信息,-0.34706777663260047,-0.3021276595744682
300173.SZ,福能东方,-0.050583657587548535,-0.14385964912280702
300176.SZ,派生科技,-0.8373205741626795,-0.1331444759206799
300178.SZ,腾邦国际,-0.6589497187444568,-0.19892473118279583
300180.SZ,华峰超纤,-0.2559152465003042,-0.3215514816113704
300182.SZ,捷成股份,-0.15898617511520743,-0.04699738903394268
300184.SZ,力源信息,-0.10870798270491407,-0.40402476780185753
300195.SZ,长荣股份,-0.33787128712871284,-0.14536741214057505
300199.SZ,翰宇药业,-0.46498905908096283,-0.2453703703703704
300201.SZ,海伦哲,-0.3620940927652505,-0.19981020448269096
300202.SZ,聚龙股份,-0.05230215017449061,-0.249596648393279
300204.SZ,舒泰神,-0.21556084172003653,-0.2054263565891474
300209.SZ,天泽信息,-0.3615332950236734,-0.5064285714285715
300213.SZ,佳讯飞鸿,-0.09887785687183315,-0.18144483685786855
300230.SZ,永利股份,-0.014806352395512609,-0.035527404398886894
300245.SZ,天玑科技,-0.07726493968215303,-0.1448646506991128
300250.SZ,初灵信息,-0.15412186379928328,-0.33521126760563386
300252.SZ,金信诺,-0.3605515873744516,-0.4095652173913044
300262.SZ,巴安水务,-0.38661450924608814,-0.20499320358028558
300264.SZ,佳创视讯,-0.3045267489711935,-0.3293650793650794
300265.SZ,通光线缆,-0.1503716920317952,-0.43497495414387294
300266.SZ,兴源环境,-0.21680216802168017,-0.18820224719101125
300268.SZ,佳沃股份,-0.12920353982300892,-0.23125000000000012
300269.SZ,联建光电,-0.4548672566371682,-0.2202531645569621
300270.SZ,中威电子,-0.30014858841010406,-0.40530303030303033
300276.SZ,三丰智能,-0.20874422325195857,-0.21624891936663349
300278.SZ,华昌达,-0.5379426644182124,-0.32009925558312646
300282.SZ,三盛教育,-0.46931515683357994,-0.31373375921576857
300284.SZ,苏交科,-0.37617899186472153,-0.3941483429427427
300287.SZ,飞利信,-0.06617647058823525,-0.1360544217687075
300288.SZ,朗玛信息,-0.300310844095359,-0.18983671000822844
300292.SZ,吴通控股,-0.14775725593667557,-0.41485507246376807
300297.SZ,蓝盾股份,-0.3354081873965374,-0.23554603854389725
300300.SZ,海峡创新,-0.64421761139524,-0.4861809045226131
300309.SZ,吉艾科技,-0.7338217338217338,-0.35502958579881655
300310.SZ,宜通世纪,-0.13097713097713098,-0.3742514970059881
300311.SZ,任子行,-0.13264194732055234,-0.266016713091922
300324.SZ,旋极信息,-0.444331314181652,-0.5336209738827352
300329.SZ,海伦钢琴,-0.07670599647430835,-0.03072261598140056
300333.SZ,兆日科技,-0.05107835483920311,-0.2756511494308832
300334.SZ,津膜科技,-0.239946380697051,-0.16124260355029582
300335.SZ,迪森股份,-0.22841633155584698,-0.0013245033112583775
300336.SZ,新文化,-0.46451612903225803,-0.5371747211895911
300338.SZ,开元教育,-0.4037994330384837,-0.4261437908496733
300339.SZ,润和软件,-0.003164556962025455,-0.05500000000000002
300340.SZ,科恒股份,-0.3838591175660164,-0.12698582472054082
300349.SZ,金卡智能,-0.26572124618478155,-0.21215614114982717
300353.SZ,东土科技,-0.34065730776549186,-0.5498154981549815
300356.SZ,光一科技,-0.36636636636636644,-0.35276073619631904
300365.SZ,恒华科技,-0.4337681825093707,-0.40977864838660016
300366.SZ,创意信息,-0.10987654320987639,-0.34155251141552506
300367.SZ,ST网力,-0.5748355136594439,-0.24507042253521116
300370.SZ,ST安控,-0.3837638376383764,-0.5073746312684366
300377.SZ,赢时胜,-0.2279020152076838,-0.16124481320067818
300388.SZ,节能国祯,-0.11454216910932787,-0.2395328830734279
300389.SZ,艾比森,-0.4447296446740035,-0.09716157205240189
300407.SZ,凯发电气,-0.14810045986966933,-0.32962885486989324
300411.SZ,金盾股份,-0.19554455445544558,-0.34738955823293177
300422.SZ,博世科,-0.16961135466369548,-0.26083377948018827
300423.SZ,昇辉科技,-0.018567874651812227,-0.17372322332655038
300424.SZ,航新科技,-0.1947380176868425,-0.16609060677097526
300425.SZ,中建环能,-0.04367846686185798,-0.10836129853054813
300429.SZ,强力新材,-0.3053459580077367,-0.3853856452035541
300437.SZ,清水源,-0.3114786260432464,-0.18440936869939892
300446.SZ,*ST乐材,-0.26745493032482104,-0.4670852467136439
300449.SZ,汉邦高科,-0.17601635248694059,-0.11389236545682106
300457.SZ,赢合科技,-0.04816331807417252,-0.485736891383885
300459.SZ,金科文化,-0.18863986817091755,-0.03903903903903906
300462.SZ,华铭智能,-0.2732094032477838,-0.45071982047327647
300466.SZ,赛摩智能,-0.08426966292134846,-0.21508828250401305
300467.SZ,迅游科技,-0.4767492394611039,-0.293841642228739
300469.SZ,信息发展,-0.04874802215607845,-0.2561683599419448
300473.SZ,德尔股份,-0.37660633180801184,-0.1804190476190476
300477.SZ,合纵科技,-0.188502228399447,-0.15765550751941954
300478.SZ,杭州高新,-0.4467723372110024,-0.4032761310452418
300479.SZ,神思电子,-0.2605373807814583,-0.34728147100424334
300483.SZ,首华燃气,-0.12644103426529324,-0.11000609198903434
300490.SZ,华自科技,-0.34013018644970155,-0.04831948735455287
300491.SZ,通合科技,-0.28416237850200116,-0.18701298701298713
300495.SZ,美尚生态,-0.5803727603052875,-0.4542747439496441
300498.SZ,温氏股份,-0.31846291085277306,-0.4080811306997053
300500.SZ,启迪设计,-0.32182914049521727,-0.2229648533802451
300504.SZ,天邑股份,-0.3995648611228843,-0.399579941417839
300505.SZ,川金诺,-0.1972951680672269,-0.005168603407713671
300506.SZ,名家汇,-0.4105301578611188,-0.18988120293208727
300508.SZ,维宏股份,-0.10614753198867492,-0.16484143946263943
300509.SZ,新美星,-0.0003617112229126977,-0.012245703881159482
300512.SZ,中亚股份,-0.012304418784708893,-0.01796375349184435
300513.SZ,恒实科技,-0.3066108691712539,-0.4276873269060296
300514.SZ,友讯达,-0.32137437808415337,-0.2898984365122845
300523.SZ,辰安科技,-0.29700396400183343,-0.3758875743263242
300528.SZ,幸福蓝海,-0.2444959443800696,-0.10192837465564741
300532.SZ,今天国际,-0.25232255148590116,-0.27769503785070876
300533.SZ,冰川网络,-0.09771869350482122,-0.3854652132891212
300546.SZ,雄帝科技,-0.4996177429189583,-0.5162056329556183
300550.SZ,和仁科技,-0.2670242596493009,-0.1540424379100282
300553.SZ,集智股份,-0.180735002563411,-0.21335646140503048
300555.SZ,路通视信,-0.13711743310471944,-0.16249633213105125
300559.SZ,佳发教育,-0.213333392536284,-0.5132800940940232
300560.SZ,中富通,-0.23107607802155095,-0.3134657836644593
300570.SZ,太辰光,-0.15534315859146536,-0.3966436089298196
300571.SZ,平治信息,-0.2024522090099987,-0.3329666801602479
300577.SZ,开润股份,-0.19809434760573655,-0.09920308674888079
300583.SZ,赛托生物,-0.3072654500426946,-0.17316366952919401
300584.SZ,海辰药业,-0.1551917659171813,-0.213365115914302
300588.SZ,熙菱信息,-0.33785390061039977,-0.27303226337884384
300597.SZ,吉大通信,-0.4299222068683146,-0.3854025931429385
300603.SZ,立昂技术,-0.12175999559075958,-0.605731368501421
300606.SZ,金太阳,-0.04155252100840325,-0.28928682701894315
300609.SZ,汇纳科技,-0.5048453033959787,-0.6471156793529312
300615.SZ,欣天科技,-0.41138391155165843,-0.4990961318596324
300619.SZ,金银河,-0.41215047410578504,-0.169871268820028
300620.SZ,光库科技,-0.1377468485791897,-0.01172250645052691
300621.SZ,维业股份,-0.10653032312515064,-0.09008413796952618
300626.SZ,华瑞股份,-0.16444764840409676,-0.1578237905771757
300634.SZ,彩讯股份,-0.39345355648535557,-0.3655355268697857
300637.SZ,扬帆新材,-0.4093730461835137,-0.28482365839731905
300645.SZ,正元智慧,-0.10961701275238307,-0.11835422904191621
300649.SZ,杭州园林,-0.4007611128752578,-0.2043894379832954
300654.SZ,世纪天鸿,-0.2854250131042543,-0.20306020534949798
300666.SZ,江丰电子,-0.0038829372489342503,-0.2854302034906022
300668.SZ,杰恩设计,-0.33346118776987155,-0.19777450292725463
300670.SZ,大烨智能,-0.3710789461668418,-0.17728852838933967
300678.SZ,中科信息,-0.1536194977943287,-0.2794817525144758
300681.SZ,英搏尔,-0.1699731133467899,-0.03510971786833858
300688.SZ,创业黑马,-0.3552717066519532,-0.14964369403728664
300691.SZ,联合光电,-0.040410479472644326,-0.16655127941200004
300694.SZ,蠡湖股份,-0.5418556701030928,-0.1579650189702386
300700.SZ,岱勒新材,-0.4637833559475349,-0.009578544061302728
300706.SZ,阿石创,-0.19306155616931928,-0.446483649822912
300711.SZ,广哈通信,-0.058928604829508284,-0.14811930139433283
300716.SZ,国立科技,-0.3287731685789939,-0.14905870934998564
300717.SZ,华信新材,-0.05961349746730463,-0.04455927835277569
300730.SZ,科创信息,-0.19987776408078736,-0.20966552413340125
300732.SZ,设研院,-0.31884816495659046,-0.04683548847434063
300736.SZ,百邦科技,-0.4344653523654617,-0.18853362734288853
300743.SZ,天地数码,-0.40712661729976557,-0.11465657304651874
300745.SZ,欣锐科技,-0.43728837534147263,-0.009431025896414296
300746.SZ,汉嘉设计,-0.49612588832487303,-0.07427219959114838
300749.SZ,顶固集创,-0.347865560890441,-0.27418539937194925
600011.SH,华能国际,-0.3824528330993629,-0.032382618145674974
600016.SH,民生银行,-0.09155919997176172,-0.10226062544390889
600020.SH,中原高速,-0.04989421865867617,-0.0802828096891604
600021.SH,上海电力,-0.08405673748846314,-0.05339380003406573
600050.SH,中国联通,-0.16394292485434994,-0.16281139339855272
600053.SH,九鼎投资,-0.2893613001789047,-0.2908704883227177
600067.SH,冠城大通,-0.07797926365642696,-0.059490084985835634
600070.SH,浙江富润,-0.024907168535232463,-0.33763599953677537
600078.SH,澄星股份,-0.11220345605932758,-0.42432209994028
600080.SH,ST金花,-0.09889381945317036,-0.054028613695441145
600082.SH,海泰发展,-0.3490990990990991,-0.1474926253687316
600083.SH,*ST博信,-0.6771929824561405,-0.43326488706365507
600090.SH,*ST济堂,-0.7284172661870504,-0.6253101736972705
600091.SH,ST明科,-0.548051948051948,-0.4759036144578313
600093.SH,易见股份,-0.05791505791505779,-0.3864207879295892
600094.SH,大名城,-0.027620612277608564,-0.4483461774534543
600100.SH,同方股份,-0.389738456669374,-0.24855854739139316
600105.SH,永鼎股份,-0.13006361461301394,-0.3019930181276323
600112.SH,ST天成,-0.6658476658476657,-0.1904761904761903
600122.SH,*ST宏图,-0.6766304347826088,-0.383419689119171
600128.SH,弘业股份,-0.25130143656928206,-0.051498821440844576
600130.SH,波导股份,-0.11021505376344097,-0.13350785340314136
600136.SH,当代文体,-0.17219999633586255,-0.23614190687361425
600139.SH,西部资源,-0.16088328075709765,-0.03971119133574002
600146.SH,*ST环球,-0.7997010463378176,-0.8722592945662535
600156.SH,华升股份,-0.22347629796839721,-0.23555555555555546
600162.SH,香江控股,-0.11022988505747128,-0.05598743324902301
600179.SH,*ST安通,-0.26018008649823937,-0.0029176062887795997
600180.SH,瑞茂通,-0.1723520487129359,-0.016748088546521232
600182.SH,S佳通,-0.16896856962700668,-0.011087848819591654
600191.SH,华资实业,-0.2981865270472242,-0.3618499522394846
600192.SH,长城电工,-0.12459464773239158,-0.28924750628669343
600225.SH,*ST松江,-0.46827794561933533,-0.3043478260869564
600229.SH,城市传媒,-0.02930004366700085,-0.05024152161128357
600239.SH,*ST云城,-0.32265364366231003,-0.31141868512110726
600241.SH,*ST时万,-0.3844856661045532,-0.036939313984169046
600242.SH,*ST中昌,-0.8435967302452316,-0.6434782608695653
600250.SH,南纺股份,-0.4067164179104477,-0.2880597014925374
600260.SH,凯乐科技,-0.35299903729978727,-0.43900758097863535
600265.SH,ST景谷,-0.43031875463306163,-0.24285714285714294
600266.SH,城建发展,-0.09019916349418768,-0.10022149016453559
600271.SH,航天信息,-0.5009673696464498,-0.38904300579354356
600272.SH,开开实业,-0.04012815799149143,-0.03532309857915817
600277.SH,亿利洁能,-0.3781960496865142,-0.07148399706816513
600279.SH,重庆港九,-0.0826883214196759,-0.00606501342071958
600291.SH,西水股份,-0.7678402215904949,-0.6291012838801712
600293.SH,三峡新材,-0.42615012106537525,-0.14130434782608683
600297.SH,广汇汽车,-0.26996405257586464,-0.20052770448548826
600311.SH,*ST荣华,-0.5963541666666666,-0.4384057971014492
600312.SH,平高电气,-0.22029209790092297,-0.29677917090469347
600318.SH,新力金融,-0.09671938303203055,-0.3248022642704357
600319.SH,ST亚星,-0.11695906432748539,-0.09400000000000001
600322.SH,天房发展,-0.38509316770186336,-0.21428571428571425
600331.SH,宏达股份,-0.03589743589743604,-0.16071428571428595
600340.SH,华夏幸福,-0.6597123370858783,-0.5783886820385242
600345.SH,长江通信,-0.36039063555672524,-0.3715449863085587
600355.SH,精伦电子,-0.37883008356545966,-0.2965299684542587
600365.SH,ST通葡,-0.3324468085106383,-0.276657060518732
600373.SH,中文传媒,-0.02533298010726351,-0.013466999564604122
600385.SH,*ST金泰,-0.533462657613967,-0.3586666666666667
600387.SH,海越能源,-0.29227174838706804,-0.1691616766467065
600388.SH,龙净环保,-0.14916298929212637,-0.10696413678065034
600393.SH,粤泰股份,-0.08144796380090505,-0.18800000000000008
600400.SH,红豆股份,-0.14431588613406793,-0.15106672111491407
600423.SH,ST柳化,-0.1829268292682925,-0.07266435986159168
600439.SH,瑞贝卡,-0.04233336876572312,-0.08283545179727518
600444.SH,国机通用,-0.06787091567929125,-0.0257565329378582
600448.SH,华纺股份,-0.20342444800345488,-0.23023986262512072
600455.SH,博通股份,-0.18888888888888886,-0.22800338409475462
600466.SH,蓝光发展,-0.18164099174659015,-0.2528950089473424
600476.SH,湘邮科技,-0.23179326546593576,-0.22755905511811014
600478.SH,科力远,-0.030456852791878153,-0.0026109660574412815
600487.SH,亨通光电,-0.2887836728121178,-0.386189021854267
600491.SH,龙元建设,-0.2645197550458509,-0.24701850954723437
600493.SH,凤竹纺织,-0.15713574360804095,-0.006534679089026899
600495.SH,晋西车轴,-0.15370924808401787,-0.16136363636363646
600498.SH,烽火通信,-0.32076789493372493,-0.5055683516573511
600506.SH,*ST香梨,-0.34423076923076923,-0.1600985221674875
600520.SH,文一科技,-0.47760060744115407,-0.28998968008255926
600528.SH,中铁工业,-0.18582876055160577,-0.09240157636238965
600530.SH,*ST交昂,-0.30269058295964135,-0.07988165680473372
600545.SH,卓郎智能,-0.5812588953227662,-0.4325842696629214
600550.SH,保变电气,-0.0073170731707315854,-0.32166666666666666
600555.SH,*ST海创,-0.5,-0.3900414937759336
600560.SH,金自天正,-0.00679201408805629,-0.21862404481343872
600561.SH,江西长运,-0.23764114971008457,-0.10950413223140507
600566.SH,济川药业,-0.30012243216394285,-0.0027724796188543757
600572.SH,康恩贝,-0.273239409055994,-0.21268656716417927
600579.SH,克劳斯,-0.433939393939394,-0.2934947049924358
600583.SH,海油工程,-0.10003447279542657,-0.06437966337650779
600589.SH,广东榕泰,-0.36807095343680696,-0.6446280991735537
600593.SH,大连圣亚,-0.15057915057915058,-0.43137761695528554
600599.SH,*ST熊猫,-0.5074211502782932,-0.25837988826815655
600604.SH,市北高新,-0.168704928903382,-0.15920482635397995
600613.SH,神奇制药,-0.042168674698795414,-0.3146551724137932
600615.SH,丰华股份,-0.45706106870229,-0.2705128205128204
600622.SH,光大嘉宝,-0.25214995268127166,-0.08291800659759944
600626.SH,申达股份,-0.2142012673791735,-0.28161853615698995
600629.SH,华建集团,-0.21453705568382817,-0.022213736155889834
600630.SH,龙头股份,-0.2851002865329513,-0.30404463040446295
600633.SH,浙数文化,-0.12757792414944916,-0.19390956591395983
600635.SH,大众公用,-0.20874799397514626,-0.08202798960397463
600636.SH,国新文化,-0.007318799483026616,-0.08671799938806092
600643.SH,爱建集团,-0.16664699215244874,-0.08012872178084231
600647.SH,同达创业,-0.09711075441412538,-0.08238172920065252
600649.SH,城投控股,-0.0893547231817236,-0.019121759130145577
600652.SH,ST游久,-0.6231155778894473,-0.34497816593886466
600653.SH,申华控股,-0.13612565445026187,-0.13157894736842107
600654.SH,ST中安,-0.24154589371980664,-0.24154589371980664
600661.SH,昂立教育,-0.30498981670061104,-0.12105602060528001
600664.SH,哈药股份,-0.19210526315789475,-0.2602409638554219
600665.SH,天地源,-0.07761401784983249,-0.05850872672061961
600666.SH,ST瑞德,-0.5144694533762058,-0.20526315789473681
600671.SH,*ST目药,-0.47567567567567565,-0.18105065666041273
600673.SH,东阳光,-0.3570557548810285,-0.3152639087018545
600675.SH,中华企业,-0.2475024562221917,-0.14927317783511734
600678.SH,四川金顶,-0.054195804195804234,-0.2834437086092716
600688.SH,上海石化,-0.24148112786375112,-0.050690122534782785
600689.SH,上海三毛,-0.2984270164519898,-0.17492183944985784
600693.SH,东百集团,-0.1981132075471697,-0.15338645418326685
600694.SH,大商股份,-0.1806825711087882,-0.11677938166585715
600695.SH,*ST绿庭,-0.48888888888888893,-0.6244897959183674
600697.SH,欧亚集团,-0.269514778587176,-0.09053487592219979
600706.SH,曲江文旅,-0.16126889147986012,-0.07664624252258347
600708.SH,光明地产,-0.21986319091264805,-0.09910387986116537
600718.SH,东软集团,-0.13737734165923285,-0.17841971112999153
600719.SH,大连热电,-0.12991222310472395,-0.10725368724807613
600721.SH,*ST百花,-0.31086142322097376,-0.32477064220183494
600725.SH,ST云维,-0.22800000000000006,-0.13452914798206286
600728.SH,佳都科技,-0.08281681259877052,-0.3707446267880634
600734.SH,*ST实达,-0.7633289986996099,-0.5796766743648961
600736.SH,苏州高新,-0.1468553920146818,-0.12519351720255462
600748.SH,上实发展,-0.07423226651778769,-0.010806382044502103
600751.SH,海航科技,-0.3212996389891697,-0.35836177474402736
600756.SH,浪潮软件,-0.1933268027129493,-0.3320030920163846
600759.SH,洲际油气,-0.1867219917012448,-0.17299578059071732
600767.SH,ST运盛,-0.2924335378323108,-0.0494505494505495
600768.SH,宁波富邦,-0.20520520520520522,-0.19797979797979792
600775.SH,南京熊猫,-0.2028024609201701,-0.2630290949445723
600776.SH,东方通信,-0.15006273325181996,-0.363831253349667
600777.SH,新潮能源,-0.21989528795811514,-0.15819209039548016
600778.SH,友好集团,-0.2505494505494506,-0.33005893909626716
600781.SH,*ST辅仁,-0.7702161729383508,-0.42020202020202024
600783.SH,鲁信创投,-0.18315794380905004,-0.0061356351366169595
600785.SH,新华百货,-0.2757577650937398,-0.12689748065965428
600796.SH,钱江生化,-0.12237093690248578,-0.20588235294117652
600797.SH,浙大网新,-0.1863019781240241,-0.30869835412034863
600800.SH,渤海化学,-0.026530612244898118,-0.1602112676056339
600804.SH,鹏博士,-0.19079837618403242,-0.09803921568627445
600805.SH,悦达投资,-0.2557172557172557,-0.18636363636363643
600811.SH,东方集团,-0.11559139784946246,-0.046376811594203
600816.SH,*ST安信,-0.569620253164557,-0.18400000000000005
600825.SH,新华传媒,-0.14252230582908268,-0.031363836290022484
600826.SH,兰生股份,-0.1243655706302341,-0.13961540974324338
600830.SH,香溢融通,-0.09538127023835975,-0.12900382875827052
600831.SH,广电网络,-0.18722589479605986,-0.3220747889022918
600843.SH,上工申贝,-0.18049490538573504,-0.13251155624036978
600847.SH,万里股份,-0.2813816343723673,-0.1678048780487806
600856.SH,ST中天,-0.6608040201005024,-0.08783783783783773
600869.SH,远东股份,-0.24455731970497133,-0.20267776813211255
600874.SH,创业环保,-0.24036985830388957,-0.12121165960875126
600881.SH,亚泰集团,-0.14825581395348836,-0.039344262295081894
600890.SH,*ST中房,-0.6590361445783132,-0.7278846153846154
600892.SH,大晟文化,-0.48899188876013905,-0.061702127659574516
600898.SH,*ST美讯,-0.3128834355828222,-0.0804597701149426
600903.SH,贵州燃气,-0.37304729169135936,-0.1447775052315026
600936.SH,广西广电,-0.23766058147396898,-0.22323794382617929
600939.SH,重庆建工,-0.22813204076148746,-0.053729490022172824
600958.SH,东方证券,-0.00017136555999297737,-0.04097753111829854
600959.SH,江苏有线,-0.25137854002007726,-0.15324244362705908
600965.SH,福成股份,-0.4497408133157099,-0.321415068863084
600979.SH,广安爱众,-0.03840051843940152,-0.014567399279562602
600981.SH,汇鸿集团,-0.16827388381615543,-0.023645383508122675
600996.SH,贵广网络,-0.2510914484653092,-0.3800456300456301
601002.SH,晋亿实业,-0.14583333333333331,-0.09558823529411771
601068.SH,中铝国际,-0.41561111111111115,-0.2663551401869159
601069.SH,西部黄金,-0.12264943524213526,-0.06643043294636317
601086.SH,国芳集团,-0.2144591201171357,-0.263402011435482
601107.SH,四川成渝,-0.04350655281063042,-0.019273898651084562
601116.SH,三江购物,-0.12665036948451236,-0.193471443378425
601162.SH,天风证券,-0.20640088105726875,-0.1151046271735928
601177.SH,杭齿前进,-0.10767008344028593,-0.02400042000735004
601186.SH,中国铁建,-0.27171133658737334,-0.168894897601522
601212.SH,白银有色,-0.13870967741935494,-0.0464285714285715
601226.SH,华电重工,-0.0065589943782477286,-0.005924904684095749
601330.SH,绿色动力,-0.2884690553745928,-0.06001222104601832
601333.SH,广深铁路,-0.31655894340843027,-0.06784509600415123
601360.SH,三六零,-0.3741781847796862,-0.3415446027706173
601375.SH,中原证券,-0.0795926126665426,-0.09259259259259266
601518.SH,吉林高速,-0.14227512677067833,-0.042735042735042604
601588.SH,北辰实业,-0.12343303959290064,-0.0775389719375928
601669.SH,中国电建,-0.20902564102564095,-0.008024216282963603
601688.SH,华泰证券,-0.0969310886219431,-0.07573577788937397
601700.SH,风范股份,-0.10026783736431914,-0.3633762517882689
601718.SH,际华集团,-0.24182561307901904,-0.3444527736131934
601800.SH,中国交建,-0.36795804654211733,-0.1371047293265979
601857.SH,中国石油,-0.38990746250798947,-0.09879213234917916
601860.SH,紫金银行,-0.18259758551307836,-0.05953042383161544
601869.SH,长飞光纤,-0.39571105346260876,-0.36385948517999367
601900.SH,南方传媒,-0.03726802504130198,-0.15037155342826006
601929.SH,吉视传媒,-0.1351938502673796,-0.11764705882352931
601933.SH,永辉超市,-0.21103586900925358,-0.3357960430412768
601992.SH,金隅集团,-0.13204067909407918,-0.14101220107905182
603003.SH,龙宇燃油,-0.010144927536231823,-0.13434727503168561
603007.SH,花王股份,-0.4432128086643164,-0.25011757917327015
603012.SH,创力集团,-0.2364594711662353,-0.03759554382230572
603021.SH,山东华鹏,-0.030294100429988657,-0.056896551724137955
603029.SH,天鹅股份,-0.08070836984605206,-0.09371353926142703
603030.SH,全筑股份,-0.13175778792427914,-0.12441768137937283
603032.SH,*ST德新,-0.5790077449694596,-0.31306441902468396
603036.SH,如通股份,-0.28128870194604244,-0.10762480193623658
603042.SH,华脉科技,-0.1744656787422392,-0.4009287046840622
603045.SH,福达合金,-0.4335642535503984,-0.24228874854624896
603050.SH,科林电气,-0.0640924166362475,-0.21614791832204533
603059.SH,倍加洁,-0.17501799738219895,-0.14733426227179555
603080.SH,新疆火炬,-0.30173429620949815,-0.0037342871902443894
603086.SH,先达股份,-0.09199492106082727,-0.020217603957488266
603090.SH,宏盛股份,-0.07283310969374168,-0.23779794445659305
603096.SH,新经典,-0.24678359160639887,-0.05551289355693737
603101.SH,汇嘉时代,-0.3803157676322458,-0.10318758815232747
603105.SH,芯能科技,-0.42355963302752286,-0.07654320987654308
603106.SH,恒银科技,-0.16217933424578407,-0.0042918454935623376
603116.SH,红蜻蜓,-0.07545237869883588,-0.06157205240174682
603133.SH,碳元科技,-0.36453270076898553,-0.4680390032502708
603138.SH,海量数据,-0.01880135313720976,-0.41525694871726293
603157.SH,*ST拉夏,-0.7768878718535469,-0.5125
603188.SH,ST亚邦,-0.24933333333333346,-0.1646884272997033
603192.SH,汇得科技,-0.19312198483804255,-0.09174445373213035
603196.SH,日播时尚,-0.3336588351891798,-0.09143481717011152
603200.SH,上海洗霸,-0.11409756097560987,-0.48514851485148514
603220.SH,中贝通信,-0.4172645161290322,-0.47156483525385273
603226.SH,菲林格尔,-0.019816162304337626,-0.3330886827688534
603269.SH,海鸥股份,-0.22824865297046418,-0.14066593526495322
603278.SH,大业股份,-0.1647012199552178,-0.22977685689680163
603286.SH,日盈电子,-0.018398296807065968,-0.0949523050692224
603316.SH,诚邦股份,-0.0033482970750360287,-0.2974164046045989
603318.SH,派思股份,-0.4816,-0.12075983717774759
603320.SH,迪贝电气,-0.2233019172540682,-0.07275875771699311
603322.SH,超讯通信,-0.3662448425774651,-0.35525706345530345
603328.SH,依顿电子,-0.09860300829463811,-0.302149752587516
603331.SH,百达精工,-0.0013788543413753875,-0.17229741019214723
603356.SH,华菱精工,-0.28100885093147276,-0.23465406162465002
603357.SH,设计总院,-0.329810249796409,-0.032064290113174
603367.SH,辰欣药业,-0.054626131716240485,-0.13354614238141696
603388.SH,元成股份,-0.15772721914417062,-0.1619718309859153
603389.SH,*ST亚振,-0.5260534337457414,-0.0417633410672853
603399.SH,吉翔股份,-0.5762289469471961,-0.6455584872471416
603421.SH,鼎信通讯,-0.4191116012265785,-0.2356632364078382
603496.SH,恒为科技,-0.12082033345335116,-0.30390331198570203
603499.SH,翔港科技,-0.22317026648894397,-0.254563995997845
603507.SH,振江股份,-0.033149097475817714,-0.12078079400914053
603508.SH,思维列控,-0.3385826882477128,-0.502140289189328
603555.SH,*ST贵人,-0.5416666666666666,-0.15384615384615377
603556.SH,海兴电力,-0.01264318765636652,-0.11343965379067163
603558.SH,健盛集团,-0.1939550004949369,-0.0666219603371544
603559.SH,中通国脉,-0.48216121395897016,-0.5216867469879517
603569.SH,长久物流,-0.2977796544741093,-0.06243223858689305
603580.SH,艾艾精工,-0.08856136893782858,-0.057124107804336084
603585.SH,苏利股份,-0.24179839574924644,-0.18169772462221792
603595.SH,东尼电子,-0.23951757710393864,-0.3870829535225146
603602.SH,纵横通信,-0.269366176035398,-0.4332302010338642
603603.SH,博天环境,-0.6706000269990884,-0.22041420118343197
603608.SH,天创时尚,-0.4340449852370083,-0.4316441851986875
603616.SH,韩建河山,-0.43061643293114665,-0.23741935483870963
603619.SH,中曼石油,-0.44224361211631374,-0.2710355987055016
603629.SH,利通电子,-0.35798589894242067,-0.012717928701535278
603636.SH,南威软件,-0.024530318882773187,-0.19386467452577666
603637.SH,镇海股份,-0.28923656172394446,-0.23863046401488347
603656.SH,泰禾智能,-0.11220373171961671,-0.037819428707647686
603660.SH,苏州科达,-0.41941467167370783,-0.3583827809326875
603668.SH,天马科技,-0.01896673743807501,-0.22653721682847894
603676.SH,卫信康,-0.164830079118944,-0.07598486303123385
603689.SH,皖天然气,-0.06948220617999516,-0.057613613091802664
603706.SH,东方环宇,-0.4618071931776047,-0.06502117945335359
603709.SH,中源家居,-0.20368239575236816,-0.20339470458164818
603716.SH,塞力医疗,-0.1405316386695142,-0.019368114740183524
603726.SH,朗迪集团,-0.02028432719638412,-0.4860154950731499
603729.SH,龙韵股份,-0.23374114616870567,-0.15960451977401124
603767.SH,中马传动,-0.002005439857102419,-0.016923396836060645
603773.SH,沃格光电,-0.37530500342700485,-0.16649519749133734
603790.SH,雅运股份,-0.3156341107871719,-0.12347930964952228
603798.SH,康普顿,-0.09395629136447178,-0.01859130619723841
603800.SH,道森股份,-0.1541427933256319,-0.17037650989136152
603803.SH,瑞斯康达,-0.1247712352207543,-0.38501106225513976
603813.SH,原尚股份,-0.2828648087475898,-0.23238160112683867
603822.SH,嘉澳环保,-0.09078751444691527,-0.19604820733688463
603838.SH,四通股份,-0.36746885456642164,-0.19736070537561048
603843.SH,正平股份,-0.3387266020686758,-0.15102852094901573
603860.SH,中公高科,-0.05588576522262787,-0.1019760927165713
603861.SH,白云电器,-0.2880247930724012,-0.1257518131021442
603869.SH,新智认知,-0.16611715740896213,-0.14679802955665025
603895.SH,天永智能,-0.4136214152657359,-0.2042954426401257
603897.SH,长城科技,-0.23534790365744862,-0.07576928924240425
603900.SH,莱绅通灵,-0.37497503737179605,-0.037404710433496406
603912.SH,佳力图,-0.002470976652744333,-0.33997488919686597
603929.SH,亚翔集成,-0.3006012024048097,-0.30148766613364086
603933.SH,睿能科技,-0.1259877646647761,-0.1379342308761871
603978.SH,深圳新星,-0.045388756576277035,-0.10765596478041442
603980.SH,吉华集团,-0.17190720287480846,-0.08792607952271811
603996.SH,*ST中新,-0.6012987012987013,-0.06686930091185418
