ts_code,name,result_2020
000004.SZ,国华网安,-0.5
000005.SZ,世纪星源,-0.1942446043165466
000007.SZ,全新好,-0.5212636695018226
000008.SZ,神州高铁,-0.2670272458030483
000014.SZ,沙河股份,-0.015367102617808395
000016.SZ,深康佳A,-0.30243212442248313
000017.SZ,*ST中华A,-0.2605042016806722
000025.SZ,特力A,-0.18745293382063388
000031.SZ,大悦城,-0.28630113954085873
000034.SZ,神州数码,-0.3780745860198685
000035.SZ,中国天楹,-0.10064239828693784
000037.SZ,深南电A,-0.27185122983100496
000040.SZ,东旭蓝天,-0.2314540059347182
000042.SZ,中洲控股,-0.037937350708956576
000046.SZ,泛海控股,-0.3102645675161315
000058.SZ,深赛格,-0.022304465159091465
000061.SZ,农产品,-0.08246693971655175
000063.SZ,中兴通讯,-0.27221622790950456
000066.SZ,中国长城,-0.027577041870519542
000068.SZ,华控赛格,-0.13915857605177986
000070.SZ,特发信息,-0.3027658086935288
000078.SZ,海王生物,-0.2740899357601712
000096.SZ,广聚能源,-0.04438458286900065
000150.SZ,宜华健康,-0.249496981891348
000151.SZ,中成股份,-0.08915843245803215
000156.SZ,华数传媒,-0.08109849433492083
000158.SZ,常山北明,-0.40041710114702816
000401.SZ,冀东水泥,-0.28020791558812463
000410.SZ,*ST沈机,-0.2732673267326732
000413.SZ,东旭光电,-0.3878205128205129
000415.SZ,渤海租赁,-0.28719723183391
000502.SZ,绿景控股,-0.2411924119241192
000503.SZ,国新健康,-0.38252569750367105
000506.SZ,中润资源,-0.19767441860465124
000514.SZ,渝开发,-0.13255667506297242
000518.SZ,四环生物,-0.13664596273291932
000520.SZ,长航凤凰,-0.17941952506596306
000523.SZ,广州浪奇,-0.5848476151963022
000525.SZ,红太阳,-0.41442542787286063
000526.SZ,学大教育,-0.19819819819819817
000529.SZ,广弘控股,-0.005051715969346263
000530.SZ,冰山冷热,-0.00822055544248796
000537.SZ,广宇发展,-0.10246365505992477
000540.SZ,中天金融,-0.13580246913580263
000546.SZ,金圆股份,-0.1981088972168455
000553.SZ,安道麦A,-0.12651289408821653
000555.SZ,神州信息,-0.12605041353714225
000561.SZ,烽火电子,-0.00611620795107031
000563.SZ,陕国投A,-0.08308349592593181
000566.SZ,海南海药,-0.168187744458931
000567.SZ,海德股份,-0.017297297297297363
000571.SZ,*ST大洲,-0.1666666666666668
000585.SZ,*ST东电,-0.037735849056603835
000586.SZ,汇源通信,-0.4111842105263158
000590.SZ,启迪药业,-0.2323232323232325
000593.SZ,大通燃气,-0.02708333333333339
000595.SZ,*ST宝实,-0.26618705035971213
000597.SZ,东北制药,-0.04840218563605692
000601.SZ,韶能股份,-0.2121808342619019
000605.SZ,渤海股份,-0.07260192009573269
000606.SZ,顺利办,-0.323671497584541
000607.SZ,华媒控股,-0.05955334987593061
000608.SZ,阳光股份,-0.3162055335968379
000609.SZ,中迪投资,-0.2857142857142857
000611.SZ,ST天首,-0.21676300578034688
000617.SZ,中油资本,-0.07769792732861239
000620.SZ,新华联,-0.1423487544483985
000622.SZ,恒立实业,-0.18269230769230774
000627.SZ,天茂集团,-0.3254263800136868
000632.SZ,三木集团,-0.23042505592841162
000637.SZ,茂化实华,-0.0568736815646545
000652.SZ,泰达股份,-0.5376752027766507
000665.SZ,湖北广电,-0.30536736865409286
000666.SZ,经纬纺机,-0.17014017491980066
000667.SZ,美好置业,-0.3568904593639576
000669.SZ,*ST金鸿,-0.05907172995780601
000671.SZ,阳光城,-0.05171755851843998
000673.SZ,*ST当代,-0.30405405405405406
000676.SZ,智度股份,-0.20802272692141213
000677.SZ,恒天海龙,-0.1661442006269592
000678.SZ,襄阳轴承,-0.1464285714285714
000681.SZ,视觉中国,-0.16152553759268265
000682.SZ,东方电子,-0.19360000000000013
000686.SZ,东北证券,-0.012657943736445403
000687.SZ,*ST华讯,-0.5747422680412371
000688.SZ,国城矿业,-0.4551555826723612
000695.SZ,滨海能源,-0.287837837837838
000697.SZ,炼石航空,-0.21645021645021648
000700.SZ,模塑科技,-0.4174911990746225
000707.SZ,ST双环,-0.03249097472924164
000710.SZ,贝瑞基因,-0.1966073414905451
000711.SZ,京蓝科技,-0.386058981233244
000715.SZ,中兴商业,-0.08007874877611013
000716.SZ,黑芝麻,-0.1335727669759072
000720.SZ,新能泰山,-0.26943942133815557
000721.SZ,西安饮食,-0.14124293785310743
000726.SZ,鲁泰A,-0.2696637808455876
000732.SZ,泰禾集团,-0.4560327198364007
000735.SZ,罗牛山,-0.17119986931307699
000750.SZ,国海证券,-0.01636873699178869
000755.SZ,山西路桥,-0.10270270270270289
000756.SZ,新华制药,-0.13660417819590479
000757.SZ,浩物股份,-0.020202020202020228
000759.SZ,中百集团,-0.09930567460997759
000766.SZ,通化金马,-0.245674740484429
000782.SZ,美达股份,-0.015083246684895047
000785.SZ,居然之家,-0.11015784714577759
000793.SZ,华闻集团,-0.19
000802.SZ,北京文化,-0.4554455445544554
000803.SZ,北清环能,-0.15827862873814758
000809.SZ,铁岭新城,-0.11961722488038265
000810.SZ,创维数字,-0.27783770849742273
000813.SZ,德展健康,-0.14285714285714285
000815.SZ,美利云,-0.3606770833333333
000819.SZ,岳阳兴长,-0.17781056370267975
000823.SZ,超声电子,-0.08220895835442855
000826.SZ,启迪环境,-0.31757575757575757
000835.SZ,*ST长动,-0.4510869565217391
000836.SZ,富通信息,-0.46987951807228917
000839.SZ,中信国安,-0.3493589743589745
000850.SZ,华茂股份,-0.038005290328912415
000851.SZ,高鸿股份,-0.1524045261669024
000852.SZ,石化机械,-0.14541832669322705
000856.SZ,冀东装备,-0.3998178506375228
000860.SZ,顺鑫农业,-0.06442467837683001
000861.SZ,海印股份,-0.001662245713951657
000868.SZ,安凯客车,-0.0555555555555556
000876.SZ,新希望,-0.35918354640544586
000882.SZ,华联股份,-0.09950248756218899
000889.SZ,中嘉博创,-0.018235485967273497
000892.SZ,欢瑞世纪,-0.4077448747152619
000897.SZ,津滨发展,-0.11475409836065574
000901.SZ,航天科技,-0.08069305720898905
000909.SZ,数源科技,-0.31456310679611654
000912.SZ,泸天化,-0.012531328320802013
000917.SZ,电广传媒,-0.1920009609601634
000925.SZ,众合科技,-0.09485094850948513
000926.SZ,福星股份,-0.04942994614472782
000927.SZ,中国铁物,-0.038647342995169094
000931.SZ,中关村,-0.1946386946386946
000936.SZ,华西股份,-0.25043028592550526
000938.SZ,紫光股份,-0.29604848048521254
000948.SZ,南天信息,-0.12576924137360584
000952.SZ,广济药业,-0.1538532134855722
000953.SZ,*ST河化,-0.13873873873873863
000955.SZ,欣龙控股,-0.3102652825836216
000957.SZ,中通客车,-0.09130434782608714
000958.SZ,东方能源,-0.038082833677634056
000965.SZ,天保基建,-0.13534713684741825
000968.SZ,蓝焰控股,-0.2333782747772756
000972.SZ,*ST中基,-0.4
000973.SZ,佛塑科技,-0.08395308924485104
000977.SZ,浪潮信息,-0.2755559761880872
000985.SZ,大庆华科,-0.09498477677290097
000988.SZ,华工科技,-0.0712419477831768
000997.SZ,新大陆,-0.14408608344794638
000999.SZ,华润三九,-0.09010369103580762
001979.SZ,招商蛇口,-0.24602571162846407
002012.SZ,凯恩股份,-0.011688122937000795
002016.SZ,世荣兆业,-0.031343283582089564
002017.SZ,东信和平,-0.17893009197774634
002021.SZ,ST中捷,-0.10152284263959385
002023.SZ,海特高新,-0.36272519189834485
002024.SZ,苏宁易购,-0.21185825630531108
002031.SZ,巨轮智能,-0.11224489795918369
002035.SZ,华帝股份,-0.24739253545689213
002036.SZ,联创电子,-0.0077933085893285995
002045.SZ,国光电器,-0.010607608831456283
002047.SZ,宝鹰股份,-0.20698254364089766
002051.SZ,中工国际,-0.17683464377796476
002052.SZ,*ST同洲,-0.37407407407407417
002055.SZ,得润电子,-0.03766025641025651
002058.SZ,*ST威尔,-0.48512585812356984
002062.SZ,宏润建设,-0.12311034763330837
002063.SZ,远光软件,-0.19615482047894606
002065.SZ,东华软件,-0.45848306389446675
002071.SZ,长城退,-0.8565573770491803
002072.SZ,*ST凯瑞,-0.06553911205073991
002075.SZ,沙钢股份,-0.03354124494955645
002076.SZ,*ST雪莱,-0.2234042553191489
002077.SZ,*ST大港,-0.006711409395973327
002079.SZ,苏州固锝,-0.06029168997858812
002083.SZ,孚日股份,-0.4147365414822219
002085.SZ,万丰奥威,-0.18182386053194008
002086.SZ,*ST东洋,-0.27074235807860264
002087.SZ,新野纺织,-0.07831255374032667
002089.SZ,ST新海,-0.4487632508833922
002090.SZ,金智科技,-0.25097227920269966
002093.SZ,国脉科技,-0.48636853097050214
002094.SZ,青岛金王,-0.17435897435897435
002095.SZ,生意宝,-0.2780488943890536
002098.SZ,浔兴股份,-0.04220779220779217
002102.SZ,ST冠福,-0.05116279069767426
002103.SZ,广博股份,-0.0047619047619047805
002104.SZ,恒宝股份,-0.12143928035982
002112.SZ,三变科技,-0.0726329442282748
002114.SZ,罗平锌电,-0.05988023952095806
002115.SZ,三维通信,-0.46848821401818536
002116.SZ,中国海诚,-0.16061819256138618
002117.SZ,东港股份,-0.1715465664396873
002118.SZ,紫鑫药业,-0.4428044280442804
002119.SZ,康强电子,-0.16963513704039654
002120.SZ,韵达股份,-0.2551848624424252
002121.SZ,*ST科陆,-0.083756345177665
002127.SZ,南极电商,-0.1750529596484817
002131.SZ,利欧股份,-0.3923264871112988
002134.SZ,天津普林,-0.0448791714614498
002135.SZ,东南网架,-0.04539356505570243
002137.SZ,实益达,-0.26229508196721313
002141.SZ,贤丰控股,-0.02702702702702701
002144.SZ,宏达高科,-0.04271433442811248
002146.SZ,荣盛发展,-0.09572753804461118
002148.SZ,北纬科技,-0.1355932203389829
002150.SZ,通润装备,-0.07252135675514762
002153.SZ,石基信息,-0.04294475299405986
002157.SZ,正邦科技,-0.1426550504411489
002160.SZ,常铝股份,-0.06222222222222221
002161.SZ,远望谷,-0.5087538619979404
002167.SZ,东方锆业,-0.1005199306759097
002168.SZ,惠程科技,-0.451831750339213
002169.SZ,智光电气,-0.08756110423220705
002171.SZ,楚江新材,-0.027524990003998193
002174.SZ,游族网络,-0.39882796293735295
002175.SZ,ST东网,-0.26760563380281677
002178.SZ,延华智能,-0.28082191780821925
002180.SZ,纳思达,-0.13239042087468872
002181.SZ,粤传媒,-0.06597042513863229
002188.SZ,*ST巴士,-0.3773584905660376
002189.SZ,中光学,-0.0892692627098848
002193.SZ,如意集团,-0.0708661417322833
002194.SZ,武汉凡谷,-0.4734021778187442
002195.SZ,二三四五,-0.38405345449934675
002197.SZ,证通电子,-0.14333706606942886
002199.SZ,东晶电子,-0.2401847575057737
002200.SZ,ST云投,-0.2740315638450502
002201.SZ,九鼎新材,-0.12828999394367235
002205.SZ,国统股份,-0.05354837859908856
002211.SZ,宏达新材,-0.14122137404580154
002212.SZ,天融信,-0.2670588235294117
002215.SZ,诺普信,-0.054828468206654574
002217.SZ,合力泰,-0.46314973302006124
002223.SZ,鱼跃医疗,-0.009409574115024903
002224.SZ,三力士,-0.23394486280351068
002229.SZ,鸿博股份,-0.045790251107828736
002231.SZ,奥维通信,-0.424170616113744
002233.SZ,塔牌集团,-0.0009729657334862616
002234.SZ,民和股份,-0.38995830239332846
002235.SZ,安妮股份,-0.464839094159714
002243.SZ,力合科创,-0.2330653882706542
002246.SZ,北化股份,-0.019964451215641638
002247.SZ,*ST聚力,-0.03333333333333339
002248.SZ,华东数控,-0.3018633540372671
002251.SZ,步步高,-0.17000292080427876
002256.SZ,*ST兆新,-0.19117647058823534
002261.SZ,拓维信息,-0.341046277665996
002265.SZ,西仪股份,-0.15510718789407307
002268.SZ,卫士通,-0.28348369331810624
002270.SZ,华明装备,-0.1261364589785838
002272.SZ,川润股份,-0.018148820326678763
002273.SZ,水晶光电,-0.10337038253496623
002276.SZ,万马股份,-0.2663086556629554
002277.SZ,友阿股份,-0.06410082064532337
002279.SZ,久其软件,-0.3113496932515336
002281.SZ,光迅科技,-0.3182316874348664
002289.SZ,宇顺电子,-0.31180968564146133
002291.SZ,星期六,-0.2590909090909091
002292.SZ,奥飞娱乐,-0.09023668639053245
002296.SZ,辉煌科技,-0.1375613493483341
002298.SZ,中电兴发,-0.09798325091544696
002300.SZ,太阳电缆,-0.11475273276706233
002301.SZ,齐心集团,-0.056937829665741006
002302.SZ,西部建设,-0.1659466205837173
002303.SZ,美盈森,-0.20161348381943617
002305.SZ,南国置业,-0.004926108374384176
002307.SZ,北新路桥,-0.16312056737588648
002308.SZ,威创股份,-0.3347398030942335
002309.SZ,中利集团,-0.45443499392466585
002310.SZ,东方园林,-0.3794266441821247
002313.SZ,日海智能,-0.4444444444444444
002316.SZ,亚联发展,-0.45403899721448465
002317.SZ,众生药业,-0.265129859864793
002320.SZ,海峡股份,-0.08608604369716445
002321.SZ,华英农业,-0.38660907127429806
002322.SZ,理工环科,-0.19468084411981645
002325.SZ,洪涛股份,-0.22665331220167415
002326.SZ,永太科技,-0.1998327759197325
002328.SZ,新朋股份,-0.04462559938878033
002329.SZ,皇氏集团,-0.004522881551731873
002330.SZ,得利斯,-0.032040472175379295
002336.SZ,ST人乐,-0.19573643410852704
002337.SZ,赛象科技,-0.1004169662113587
002339.SZ,积成电子,-0.26098926742573175
002341.SZ,新纶科技,-0.49457364341085275
002343.SZ,慈文传媒,-0.3065088757396449
002347.SZ,泰尔股份,-0.038735891086028755
002348.SZ,高乐股份,-0.22972972972972983
002349.SZ,精华制药,-0.24247226624405693
002350.SZ,北京科锐,-0.07501322051824409
002357.SZ,富临运业,-0.1598639455782313
002358.SZ,森源电气,-0.538243626062323
002363.SZ,隆基机械,-0.3608746313321885
002364.SZ,中恒电气,-0.41286603193626525
002365.SZ,永安药业,-0.16049338486400438
002366.SZ,台海核电,-0.2738095238095239
002368.SZ,太极股份,-0.26767054435593773
002369.SZ,卓翼科技,-0.49313815187557186
002370.SZ,亚太药业,-0.16829745596868886
002373.SZ,千方科技,-0.3094249914439037
002374.SZ,中锐股份,-0.08880308880308875
002376.SZ,新北洋,-0.14488629325934546
002377.SZ,国创高新,-0.010892500712859882
002379.SZ,宏创控股,-0.15160349854227412
002380.SZ,科远智慧,-0.053100456242814204
002383.SZ,合众思壮,-0.4404865334491746
002384.SZ,东山精密,-0.16762061485880478
002387.SZ,维信诺,-0.1500920810313074
002388.SZ,新亚制程,-0.1993305362396364
002391.SZ,长青股份,-0.1509450072707906
002393.SZ,力生制药,-0.18888449059639034
002395.SZ,双象股份,-0.19325236749573965
002396.SZ,星网锐捷,-0.5027418431858434
002397.SZ,梦洁股份,-0.04353515740223487
002398.SZ,垒知集团,-0.1087163639401944
002399.SZ,海普瑞,-0.1246879989854563
002401.SZ,中远海科,-0.07994580972187496
002403.SZ,爱仕达,-0.0074999999999999095
002405.SZ,四维图新,-0.0777091713121182
002411.SZ,延安必康,-0.5077399380804954
002412.SZ,汉森制药,-0.22446023307788834
002413.SZ,雷科防务,-0.11772665764546689
002417.SZ,深南股份,-0.06191950464396281
002418.SZ,*ST康盛,-0.17543859649122803
002419.SZ,天虹股份,-0.16980611194117343
002421.SZ,达实智能,-0.019343440014972624
002424.SZ,贵州百灵,-0.04073056090911609
002426.SZ,*ST胜利,-0.2482014388489209
002427.SZ,ST尤夫,-0.14239029072208811
002432.SZ,九安医疗,-0.0304396843291996
002433.SZ,太安堂,-0.05530156866034711
002436.SZ,兴森科技,-0.18893398385784166
002437.SZ,誉衡药业,-0.0036630036630036006
002439.SZ,启明星辰,-0.11098998118444174
002440.SZ,闰土股份,-0.010189742478935058
002441.SZ,众业达,-0.06363811387957471
002446.SZ,盛路通信,-0.32167832167832167
002447.SZ,*ST晨鑫,-0.09722222222222235
002449.SZ,国星光电,-0.21044372384094814
002451.SZ,摩恩电气,-0.37075180226570553
002452.SZ,长高集团,-0.16734421337981126
002456.SZ,欧菲光,-0.3863778849377241
002458.SZ,益生股份,-0.3290459861851665
002462.SZ,嘉事堂,-0.01644193345888268
002463.SZ,沪电股份,-0.4020286037753286
002464.SZ,*ST众应,-0.5852272727272727
002465.SZ,海格通信,-0.1300951592392122
002467.SZ,二六三,-0.30812491157840954
002468.SZ,申通快递,-0.46841705289573127
002470.SZ,*ST金正,-0.38367346938775515
002471.SZ,中超控股,-0.1906354515050169
002473.SZ,ST圣莱,-0.4374269005847954
002474.SZ,榕基软件,-0.2596899224806201
002476.SZ,宝莫股份,-0.42705167173252284
002478.SZ,常宝股份,-0.15283940308941046
002482.SZ,广田集团,-0.2857332672221304
002485.SZ,希努尔,-0.086785009861933
002486.SZ,嘉麟杰,-0.14447592067988663
002489.SZ,浙江永强,-0.11744281222662055
002491.SZ,通鼎互联,-0.4171686746987951
002494.SZ,华斯股份,-0.22197802197802188
002495.SZ,佳隆股份,-0.11718750000000006
002496.SZ,*ST辉丰,-0.07142857142857145
002498.SZ,汉缆股份,-0.0411018895959803
002500.SZ,山西证券,-0.010640415459800245
002502.SZ,*ST鼎龙,-0.05329153605015679
002503.SZ,搜于特,-0.5
002504.SZ,ST弘高,-0.35573122529644274
002506.SZ,协鑫集成,-0.34151329243353773
002510.SZ,天汽模,-0.15662650602409653
002512.SZ,达华智能,-0.25818882466281307
002513.SZ,*ST蓝丰,-0.1375968992248062
002514.SZ,宝馨科技,-0.22055674518201274
002515.SZ,金字火腿,-0.08432018849104563
002519.SZ,银河电子,-0.16485900216919747
002520.SZ,日发精机,-0.11085672259638596
002522.SZ,浙江众成,-0.09900928411517684
002523.SZ,天桥起重,-0.020576154731339735
002526.SZ,山东矿机,-0.049519474179083055
002528.SZ,英飞拓,-0.28124999999999994
002529.SZ,*ST海源,-0.013353115727003049
002530.SZ,金财互联,-0.23253588516746407
002533.SZ,金杯电工,-0.05783197217180886
002535.SZ,*ST林重,-0.2838983050847457
002542.SZ,中化岩土,-0.19929315742931566
002544.SZ,杰赛科技,-0.15481992882969156
002545.SZ,东方铁塔,-0.06700174140464664
002546.SZ,新联电子,-0.24422787655834874
002547.SZ,春兴精工,-0.6164229471316085
002551.SZ,尚荣医疗,-0.33371298405466976
002552.SZ,宝鼎科技,-0.22257653061224492
002555.SZ,三七互娱,-0.35745914670072704
002558.SZ,巨人网络,-0.167362575731987
002559.SZ,亚威股份,-0.05221239405986147
002560.SZ,通达股份,-0.168095497018601
002562.SZ,兄弟科技,-0.1909937888198758
002564.SZ,天沃科技,-0.20794392523364494
002565.SZ,顺灏股份,-0.16532258064516128
002569.SZ,ST步森,-0.09539121114683831
002573.SZ,清新环境,-0.06523008771802062
002574.SZ,明牌珠宝,-0.11118313700069288
002575.SZ,*ST群兴,-0.3273809523809525
002579.SZ,中京电子,-0.0965566356006187
002583.SZ,海能达,-0.22121212121212122
002587.SZ,奥拓电子,-0.30644876186162673
002589.SZ,瑞康医药,-0.17202268431001902
002591.SZ,恒大高新,-0.23898531375166887
002592.SZ,ST八菱,-0.48494983277591974
002593.SZ,日上集团,-0.018414036724764164
002596.SZ,海南瑞泽,-0.3467336683417085
002599.SZ,盛通股份,-0.023041474654377767
002602.SZ,世纪华通,-0.4156606233170165
002605.SZ,姚记科技,-0.1327647439750726
002606.SZ,大连电瓷,-0.13114865438991452
002613.SZ,北玻股份,-0.2208436724565757
002615.SZ,哈尔斯,-0.21248285196401256
002616.SZ,长青集团,-0.1557021244453445
002618.SZ,丹邦科技,-0.5932367149758454
002619.SZ,艾格拉斯,-0.40434782608695635
002621.SZ,美吉姆,-0.15733698538748148
002622.SZ,融钰集团,-0.3214285714285715
002624.SZ,完美世界,-0.31444204629136147
002628.SZ,成都路桥,-0.10314460183608201
002629.SZ,ST仁智,-0.46268656716417916
002631.SZ,德尔未来,-0.16435895558946564
002632.SZ,道明光学,-0.14328664809998404
002633.SZ,申科股份,-0.1796482412060301
002635.SZ,安洁科技,-0.25107526881720427
002638.SZ,*ST勤上,-0.356902356902357
002639.SZ,雪人股份,-0.11323155216284986
002640.SZ,跨境通,-0.3489148580968281
002642.SZ,荣联科技,-0.30210016155088854
002644.SZ,佛慈制药,-0.12538010642980033
002647.SZ,仁东控股,-0.45268542199488504
002654.SZ,万润科技,-0.18266978922716623
002655.SZ,共达电声,-0.28717948717948716
002656.SZ,ST摩登,-0.22815533980582522
002657.SZ,中科金财,-0.27476255088195395
002659.SZ,凯文教育,-0.23486238532110096
002660.SZ,茂硕电源,-0.2232346241457858
002663.SZ,普邦股份,-0.25630252100840334
002664.SZ,长鹰信质,-0.012785434687784999
002665.SZ,首航高科,-0.20557491289198612
002666.SZ,德联集团,-0.023688485573298727
002669.SZ,康达新材,-0.04619899838182634
002671.SZ,龙泉股份,-0.027906976744186
002672.SZ,东江环保,-0.1658626168108299
002673.SZ,西部证券,-0.038121801481929896
002676.SZ,顺威股份,-0.2315035799522673
002679.SZ,福建金森,-0.20061504950310716
002682.SZ,龙洲股份,-0.1950555694778741
002684.SZ,ST猛狮,-0.657331136738056
002685.SZ,华东重机,-0.25821833075103007
002686.SZ,亿利达,-0.03467153284671541
002689.SZ,远大智能,-0.17741935483870974
002691.SZ,冀凯股份,-0.17800426669167288
002692.SZ,ST远程,-0.18767507002801118
002693.SZ,双成药业,-0.164814814814815
002694.SZ,顾地科技,-0.22847682119205295
002696.SZ,百洋股份,-0.1495934959349593
002697.SZ,红旗连锁,-0.293188902848545
002700.SZ,ST浩源,-0.3067994812912964
002708.SZ,光洋股份,-0.009584664536741288
002712.SZ,思美传媒,-0.25487012987012986
002717.SZ,岭南股份,-0.33097096494410094
002718.SZ,友邦吊顶,-0.15140298296765653
002719.SZ,*ST麦趣,-0.0565410199556541
002721.SZ,金一文化,-0.35645933014354064
002722.SZ,金轮股份,-0.05064658109722375
002725.SZ,跃岭股份,-0.29128117377995355
002728.SZ,特一药业,-0.16538162046351676
002733.SZ,雄韬股份,-0.22997148813228288
002736.SZ,国信证券,-0.031566610998798816
002740.SZ,爱迪尔,-0.49937733499377335
002743.SZ,富煌钢构,-0.042045215930566114
002746.SZ,仙坛股份,-0.2429814397260847
002750.SZ,龙津药业,-0.22331047992164552
002751.SZ,易尚展示,-0.16774679155355932
002755.SZ,奥赛康,-0.014149478563151987
002757.SZ,南兴股份,-1.3729113156381438e-05
002760.SZ,凤形股份,-0.031282051282051256
002761.SZ,多喜爱,-0.02705795186030674
002767.SZ,先锋电子,-0.15458141067897152
002768.SZ,国恩股份,-0.19457199081666116
002769.SZ,普路通,-0.16974436123372308
002770.SZ,ST科迪,-0.10900473933649282
002771.SZ,真视通,-0.18174945877259044
002773.SZ,康弘药业,-0.41453463591906325
002774.SZ,快意电梯,-0.10065519795632077
002776.SZ,ST柏龙,-0.6380573870293368
002777.SZ,久远银海,-0.4220516425004149
002779.SZ,中坚科技,-0.2893503529010808
002780.SZ,三夫户外,-0.12823529411764714
002781.SZ,奇信股份,-0.4699358987486945
002783.SZ,凯龙股份,-0.067067763494661
002786.SZ,银宝山新,-0.011673151750972761
002787.SZ,华源控股,-0.010379536930849614
002789.SZ,建艺集团,-0.05549751915482489
002790.SZ,瑞尔特,-0.19416821791550107
002792.SZ,通宇通讯,-0.4974107583007105
002793.SZ,罗欣药业,-0.27943124936832076
002795.SZ,永和智控,-0.12811693895098894
002796.SZ,世嘉科技,-0.6218233375416684
002797.SZ,第一创业,-0.049779475213484886
002798.SZ,帝欧家居,-0.11585968193518299
002800.SZ,天顺股份,-0.14846486943324907
002806.SZ,华锋股份,-0.12242980899697319
002808.SZ,恒久科技,-0.09330253461854127
002809.SZ,红墙股份,-0.028802862719583565
002811.SZ,郑中设计,-0.21018367821436867
002815.SZ,崇达技术,-0.2902861400843364
002816.SZ,和科达,-0.07945736434108527
002817.SZ,黄山胶囊,-0.002831181814549444
002822.SZ,中装建设,-0.3216245853031664
002823.SZ,凯中精密,-0.002100340810018329
002826.SZ,易明医药,-0.09021008723684656
002828.SZ,贝肯能源,-0.07785382065041625
002830.SZ,名雕股份,-0.08082533283827506
002836.SZ,新宏泽,-0.10881902004549647
002837.SZ,英维克,-0.2810166989473631
002838.SZ,道恩股份,-0.4398614848089426
002843.SZ,泰嘉股份,-0.06673859111472484
002846.SZ,英联股份,-0.4165372280532432
002848.SZ,高斯贝尔,-0.26901521216973573
002849.SZ,威星智能,-0.0914112211221121
002855.SZ,捷荣技术,-0.21551182538556637
002856.SZ,美芝股份,-0.19876203576341125
002861.SZ,瀛通通讯,-0.3037369816387637
002862.SZ,实丰文化,-0.38361627688550765
002864.SZ,盘龙药业,-0.07370206430247522
002869.SZ,金溢科技,-0.5412009913803031
002871.SZ,伟隆股份,-0.1782368438313037
002872.SZ,ST天圣,-0.1581818181818182
002873.SZ,新天药业,-0.20753703964104478
002877.SZ,智能自控,-0.11459837151473658
002879.SZ,长缆科技,-0.15596041798656013
002881.SZ,美格智能,-0.08317551928337379
002882.SZ,金龙羽,-0.1788315874294922
002885.SZ,京泉华,-0.22509753143843672
002886.SZ,沃特股份,-0.13748343391372222
002888.SZ,惠威科技,-0.2185795273768547
002890.SZ,弘宇股份,-0.16023299969201274
002892.SZ,科力尔,-0.07859344898430239
002895.SZ,川恒股份,-0.08860077207542913
002897.SZ,意华股份,-0.4165926554151472
002898.SZ,赛隆药业,-0.12304464387984758
002899.SZ,英派斯,-0.09122807017543864
002902.SZ,铭普光磁,-0.5012860512133614
002905.SZ,金逸影视,-0.08194041867954908
002907.SZ,华森制药,-0.32540963354783625
002910.SZ,庄园牧场,-0.11718842748889112
002912.SZ,中新赛克,-0.5613630647640182
002916.SZ,深南电路,-0.4063958293548792
002917.SZ,金奥博,-0.1030315402674287
002926.SZ,华西证券,-0.11459122891993904
002927.SZ,泰永长征,-0.27747857084227423
002929.SZ,润建股份,-0.26788725949234243
002933.SZ,新兴装备,-0.28289252999612946
002935.SZ,天奥电子,-0.059528710127611656
002939.SZ,长城证券,-0.13270010867130666
002940.SZ,昂利康,-0.18682283461818597
002941.SZ,新疆交建,-0.25027310539493414
002943.SZ,宇晶股份,-0.2748901818124297
002945.SZ,华林证券,-0.16789960814895355
002947.SZ,恒铭达,-0.31101447010338684
002951.SZ,金时科技,-0.19272490111924595
002952.SZ,亚世光电,-0.18261080436873947
002953.SZ,日丰股份,-0.5808159372950573
002955.SZ,鸿合科技,-0.5405652759084791
002957.SZ,科瑞技术,-0.26007561070182234
002958.SZ,青农商行,-0.09709498553519784
002961.SZ,瑞达期货,-0.19592898550724652
002962.SZ,五方光电,-0.34662395729062384
002963.SZ,豪尔赛,-0.39731489200454717
002965.SZ,祥鑫科技,-0.11406957746478862
002966.SZ,苏州银行,-0.10063961813842488
002969.SZ,嘉美包装,-0.3654744707347447
002970.SZ,锐明技术,-0.25450738024950004
002971.SZ,和远气体,-0.08562271062271067
002972.SZ,科安达,-0.23587520798668868
002973.SZ,侨银股份,-0.07820817843866178
002976.SZ,瑞玛工业,-0.3941179513709259
003816.SZ,中国广核,-0.03862068965517245
300003.SZ,乐普医疗,-0.08660864752005408
300010.SZ,豆神教育,-0.5497630331753555
300011.SZ,鼎汉技术,-0.3020689655172414
300013.SZ,新宁物流,-0.14792899408284024
300017.SZ,网宿科技,-0.2603916962058824
300018.SZ,中元股份,-0.21331316187594562
300020.SZ,银江股份,-0.08160906532307265
300023.SZ,*ST宝德,-0.11394101876675602
300024.SZ,机器人,-0.2574545454545454
300025.SZ,华星创业,-0.40108892921960065
300026.SZ,红日药业,-0.09019919159174201
300029.SZ,*ST天龙,-0.05871886120996435
300031.SZ,宝通科技,-0.10506503880632354
300036.SZ,超图软件,-0.30421065850569
300038.SZ,ST数知,-0.7138592605249017
300039.SZ,上海凯宝,-0.16126538854028702
300043.SZ,星辉娱乐,-0.2028610802804462
300044.SZ,赛为智能,-0.20650406504065036
300045.SZ,华力创通,-0.2540584415584416
300046.SZ,台基股份,-0.040495474035254726
300047.SZ,天源迪科,-0.134873302918705
300050.SZ,世纪鼎利,-0.2396825396825397
300051.SZ,ST三五,-0.6310096153846154
300052.SZ,中青宝,-0.47342772855641185
300053.SZ,欧比特,-0.21481481481481482
300057.SZ,万顺新材,-0.12788658799600225
300064.SZ,*ST金刚,-0.3453947368421053
300066.SZ,三川智慧,-0.07519208446188738
300069.SZ,金利华电,-0.13654891304347827
300070.SZ,碧水源,-0.26619303433886865
300071.SZ,*ST嘉信,-0.319672131147541
300074.SZ,华平股份,-0.19777777777777783
300075.SZ,数字政通,-0.23296749558037527
300076.SZ,GQY视讯,-0.07708779443254833
300077.SZ,国民技术,-0.014970059880239441
300078.SZ,思创医惠,-0.4167131543619234
300079.SZ,数码视讯,-0.2259448062174967
300080.SZ,易成新能,-0.09000000000000001
300081.SZ,恒信东方,-0.06858846918489073
300084.SZ,海默科技,-0.012669726525148207
300088.SZ,长信科技,-0.1576863882217276
300094.SZ,国联水产,-0.00531914893616997
300096.SZ,易联众,-0.21518987341772147
300097.SZ,智云股份,-0.21503131524008356
300098.SZ,高新兴,-0.32769230769230767
300105.SZ,龙源技术,-0.07373099622696491
300107.SZ,建新股份,-0.0402524683392791
300108.SZ,吉药控股,-0.25263157894736843
300109.SZ,新开源,-0.1183438049761246
300113.SZ,顺网科技,-0.4325082284023312
300117.SZ,嘉寓股份,-0.03254437869822483
300123.SZ,亚光科技,-0.26282741044881763
300130.SZ,新国都,-0.22675911102271135
300133.SZ,华策影视,-0.10651827530274041
300134.SZ,大富科技,-0.5039325842696629
300135.SZ,宝利国际,-0.09583394626078115
300136.SZ,信维通信,-0.20862619704803745
300137.SZ,先河环保,-0.0018898932832717532
300140.SZ,中环装备,-0.6073662265462126
300145.SZ,中金环境,-0.1874871372710435
300147.SZ,香雪制药,-0.1889071357634369
300148.SZ,天舟文化,-0.17232375979112283
300150.SZ,世纪瑞尔,-0.22485988433514478
300153.SZ,科泰电源,-0.13229263986516732
300154.SZ,瑞凌股份,-0.026300921796015436
300155.SZ,安居宝,-0.12205579575869879
300157.SZ,恒泰艾普,-0.0988700564971752
300159.SZ,新研股份,-0.32038834951456313
300160.SZ,秀强股份,-0.08213062717294363
300162.SZ,雷曼光电,-0.19240506329113932
300163.SZ,先锋新材,-0.04273504273504273
300164.SZ,通源石油,-0.1839399379794354
300166.SZ,东方国信,-0.4106163422916927
300167.SZ,迪威迅,-0.3576158940397351
300168.SZ,万达信息,-0.28384912959381037
300170.SZ,汉得信息,-0.3021276595744682
300173.SZ,福能东方,-0.14385964912280702
300175.SZ,朗源股份,-0.15402840568962187
300176.SZ,派生科技,-0.1331444759206799
300178.SZ,腾邦国际,-0.19892473118279583
300179.SZ,四方达,-0.11993064295609485
300180.SZ,华峰超纤,-0.3215514816113704
300182.SZ,捷成股份,-0.04699738903394268
300183.SZ,东软载波,-0.08125770705232
300184.SZ,力源信息,-0.40402476780185753
300188.SZ,美亚柏科,-0.18795269652166985
300190.SZ,维尔利,-0.022672680513309236
300192.SZ,科德教育,-0.1595174262734585
300194.SZ,福安药业,-0.24780983757549982
300195.SZ,长荣股份,-0.14536741214057505
300199.SZ,翰宇药业,-0.2453703703703704
300201.SZ,海伦哲,-0.19981020448269096
300202.SZ,聚龙股份,-0.249596648393279
300204.SZ,舒泰神,-0.2054263565891474
300205.SZ,天喻信息,-0.22147770718575668
300209.SZ,天泽信息,-0.5064285714285715
300212.SZ,易华录,-0.3196252819000819
300213.SZ,佳讯飞鸿,-0.18144483685786855
300215.SZ,电科院,-0.09119529379784144
300220.SZ,金运激光,-0.6970823129837688
300223.SZ,北京君正,-0.2834645669291339
300229.SZ,拓尔思,-0.18652613542810756
300230.SZ,永利股份,-0.035527404398886894
300231.SZ,银信科技,-0.058367209842755355
300232.SZ,洲明科技,-0.09367980995886999
300235.SZ,方直科技,-0.35613312028446925
300236.SZ,上海新阳,-0.35143885079257847
300242.SZ,佳云科技,-0.11967545638945229
300245.SZ,天玑科技,-0.1448646506991128
300246.SZ,宝莱特,-0.0529694814814816
300248.SZ,新开普,-0.06412838479216616
300250.SZ,初灵信息,-0.33521126760563386
300252.SZ,金信诺,-0.4095652173913044
300253.SZ,卫宁健康,-0.11373744198100005
300259.SZ,新天科技,-0.09733290340411822
300260.SZ,新莱应材,-0.18474866421687092
300262.SZ,巴安水务,-0.20499320358028558
300263.SZ,隆华科技,-0.04479178310744209
300264.SZ,佳创视讯,-0.3293650793650794
300265.SZ,通光线缆,-0.43497495414387294
300266.SZ,兴源环境,-0.18820224719101125
300267.SZ,尔康制药,-0.10039910666050297
300268.SZ,佳沃股份,-0.23125000000000012
300269.SZ,联建光电,-0.2202531645569621
300270.SZ,中威电子,-0.40530303030303033
300271.SZ,华宇软件,-0.28588313310653996
300275.SZ,梅安森,-0.16890080055981466
300276.SZ,三丰智能,-0.21624891936663349
300277.SZ,海联讯,-0.003119159631372136
300278.SZ,华昌达,-0.32009925558312646
300279.SZ,和晶科技,-0.10689655172413788
300281.SZ,金明精机,-0.19216972666477494
300282.SZ,三盛教育,-0.31373375921576857
300284.SZ,苏交科,-0.3941483429427427
300287.SZ,飞利信,-0.1360544217687075
300288.SZ,朗玛信息,-0.18983671000822844
300292.SZ,吴通控股,-0.41485507246376807
300293.SZ,蓝英装备,-0.14580299083058124
300294.SZ,博雅生物,-0.01945477118081953
300297.SZ,蓝盾股份,-0.23554603854389725
300299.SZ,富春股份,-0.11594202898550728
300300.SZ,海峡创新,-0.4861809045226131
300302.SZ,同有科技,-0.22748790217042633
300303.SZ,聚飞光电,-0.005847988556222114
300306.SZ,远方信息,-0.18253189401373895
300308.SZ,中际旭创,-0.38091460598035287
300309.SZ,吉艾科技,-0.35502958579881655
300310.SZ,宜通世纪,-0.3742514970059881
300311.SZ,任子行,-0.266016713091922
300315.SZ,掌趣科技,-0.15563506261180676
300319.SZ,麦捷科技,-0.1660377358490567
300320.SZ,海达股份,-0.0659091534882014
300321.SZ,同大股份,-0.01676815460285002
300322.SZ,硕贝德,-0.41274484882810003
300324.SZ,旋极信息,-0.5336209738827352
300326.SZ,凯利泰,-0.43552115699616034
300328.SZ,宜安科技,-0.24601459065117529
300329.SZ,海伦钢琴,-0.03072261598140056
300330.SZ,华虹计通,-0.05844155844155854
300331.SZ,苏大维格,-0.23832241149538877
300333.SZ,兆日科技,-0.2756511494308832
300334.SZ,津膜科技,-0.16124260355029582
300335.SZ,迪森股份,-0.0013245033112583775
300336.SZ,新文化,-0.5371747211895911
300338.SZ,开元教育,-0.4261437908496733
300339.SZ,润和软件,-0.05500000000000002
300340.SZ,科恒股份,-0.12698582472054082
300342.SZ,天银机电,-0.37899704689095587
300345.SZ,华民股份,-0.35046728971962615
300349.SZ,金卡智能,-0.21215614114982717
300352.SZ,北信源,-0.385286783042394
300353.SZ,东土科技,-0.5498154981549815
300356.SZ,光一科技,-0.35276073619631904
300360.SZ,炬华科技,-0.06456500410817628
300365.SZ,恒华科技,-0.40977864838660016
300366.SZ,创意信息,-0.34155251141552506
300367.SZ,ST网力,-0.24507042253521116
300369.SZ,绿盟科技,-0.20491306188568342
300370.SZ,ST安控,-0.5073746312684366
300377.SZ,赢时胜,-0.16124481320067818
300379.SZ,东方通,-0.13437870176685318
300380.SZ,安硕信息,-0.09283690762860865
300383.SZ,光环新网,-0.44193245587184976
300384.SZ,三联虹普,-0.053374655647382925
300385.SZ,雪浪环境,-0.04875824698996403
300387.SZ,富邦股份,-0.13379732282171306
300388.SZ,节能国祯,-0.2395328830734279
300389.SZ,艾比森,-0.09716157205240189
300394.SZ,天孚通信,-0.022735640870494792
300397.SZ,天和防务,-0.413729859883706
300398.SZ,飞凯材料,-0.36485900216919737
300399.SZ,天利科技,-0.19701157367420977
300401.SZ,花园生物,-0.06137931034482758
300404.SZ,博济医药,-0.2391317329179301
300407.SZ,凯发电气,-0.32962885486989324
300411.SZ,金盾股份,-0.34738955823293177
300414.SZ,中光防雷,-0.365152580292094
300417.SZ,南华仪器,-0.3171771878997423
300419.SZ,浩丰科技,-0.026533996683250502
300420.SZ,五洋停车,-0.12393887945670622
300422.SZ,博世科,-0.26083377948018827
300423.SZ,昇辉科技,-0.17372322332655038
300424.SZ,航新科技,-0.16609060677097526
300425.SZ,中建环能,-0.10836129853054813
300427.SZ,红相股份,-0.2543729055650168
300428.SZ,四通新材,-0.05153943083216358
300429.SZ,强力新材,-0.3853856452035541
300437.SZ,清水源,-0.18440936869939892
300440.SZ,运达科技,-0.24448013203471708
300445.SZ,康斯特,-0.08433777650651254
300446.SZ,*ST乐材,-0.4670852467136439
300448.SZ,浩云科技,-0.32695371673404255
300449.SZ,汉邦高科,-0.11389236545682106
300451.SZ,创业慧康,-0.28494138489596815
300455.SZ,康拓红外,-0.23090460526315804
300456.SZ,赛微电子,-0.09872720371502527
300457.SZ,赢合科技,-0.485736891383885
300459.SZ,金科文化,-0.03903903903903906
300462.SZ,华铭智能,-0.45071982047327647
300466.SZ,赛摩智能,-0.21508828250401305
300467.SZ,迅游科技,-0.293841642228739
300468.SZ,四方精创,-0.14150793853081042
300469.SZ,信息发展,-0.2561683599419448
300472.SZ,新元科技,-0.041745989517290694
300473.SZ,德尔股份,-0.1804190476190476
300477.SZ,合纵科技,-0.15765550751941954
300478.SZ,杭州高新,-0.4032761310452418
300479.SZ,神思电子,-0.34728147100424334
300483.SZ,首华燃气,-0.11000609198903434
300486.SZ,东杰智能,-0.09616749721582567
300488.SZ,恒锋工具,-0.07768818726795597
300489.SZ,中飞股份,-0.15644589564128164
300490.SZ,华自科技,-0.04831948735455287
300491.SZ,通合科技,-0.18701298701298713
300493.SZ,润欣科技,-0.386621278276006
300494.SZ,盛天网络,-0.06540096294402822
300495.SZ,美尚生态,-0.4542747439496441
300497.SZ,富祥药业,-0.27224617911190263
300498.SZ,温氏股份,-0.4080811306997053
300499.SZ,高澜股份,-0.25842494437900804
300500.SZ,启迪设计,-0.2229648533802451
300502.SZ,新易盛,-0.07781084600620226
300504.SZ,天邑股份,-0.399579941417839
300505.SZ,川金诺,-0.005168603407713671
300506.SZ,名家汇,-0.18988120293208727
300508.SZ,维宏股份,-0.16484143946263943
300509.SZ,新美星,-0.012245703881159482
300512.SZ,中亚股份,-0.01796375349184435
300513.SZ,恒实科技,-0.4276873269060296
300514.SZ,友讯达,-0.2898984365122845
300515.SZ,三德科技,-0.07639353891336287
300516.SZ,久之洋,-0.04139343177956693
300520.SZ,科大国创,-0.1452194787691219
300523.SZ,辰安科技,-0.3758875743263242
300526.SZ,中潜股份,-0.7416309568808229
300528.SZ,幸福蓝海,-0.10192837465564741
300530.SZ,达志科技,-0.42286427211241706
300532.SZ,今天国际,-0.27769503785070876
300533.SZ,冰川网络,-0.3854652132891212
300537.SZ,广信材料,-0.2930926399928151
300538.SZ,同益股份,-0.14685962200467453
300545.SZ,联得装备,-0.19682697074863648
300546.SZ,雄帝科技,-0.5162056329556183
300548.SZ,博创科技,-0.2981728050270553
300550.SZ,和仁科技,-0.1540424379100282
300552.SZ,万集科技,-0.1693205992361693
300553.SZ,集智股份,-0.21335646140503048
300555.SZ,路通视信,-0.16249633213105125
300557.SZ,理工光科,-0.02853792025019534
300559.SZ,佳发教育,-0.5132800940940232
300560.SZ,中富通,-0.3134657836644593
300561.SZ,汇金科技,-0.18676149499100939
300564.SZ,筑博设计,-0.2337785349233391
300570.SZ,太辰光,-0.3966436089298196
300571.SZ,平治信息,-0.3329666801602479
300572.SZ,安车检测,-0.15683489005713097
300577.SZ,开润股份,-0.09920308674888079
300578.SZ,会畅通讯,-0.4357153129115866
300579.SZ,数字认证,-0.01964599022197693
300583.SZ,赛托生物,-0.17316366952919401
300584.SZ,海辰药业,-0.213365115914302
300585.SZ,奥联电子,-0.1959322033898305
300586.SZ,美联新材,-0.13767428034443754
300588.SZ,熙菱信息,-0.27303226337884384
300590.SZ,移为通信,-0.28658526469465984
300594.SZ,朗进科技,-0.2975879579252811
300597.SZ,吉大通信,-0.3854025931429385
300598.SZ,诚迈科技,-0.6861461661036213
300599.SZ,雄塑科技,-0.015643476874426753
300602.SZ,飞荣达,-0.5231156442258846
300603.SZ,立昂技术,-0.605731368501421
300605.SZ,恒锋信息,-0.18468724288019855
300606.SZ,金太阳,-0.28928682701894315
300608.SZ,思特奇,-0.29713898714890674
300609.SZ,汇纳科技,-0.6471156793529312
300615.SZ,欣天科技,-0.4990961318596324
300619.SZ,金银河,-0.169871268820028
300620.SZ,光库科技,-0.01172250645052691
300621.SZ,维业股份,-0.09008413796952618
300624.SZ,万兴科技,-0.13153176753305604
300625.SZ,三雄极光,-0.004592286146933121
300626.SZ,华瑞股份,-0.1578237905771757
300629.SZ,新劲刚,-0.002363420979281009
300634.SZ,彩讯股份,-0.3655355268697857
300635.SZ,中达安,-0.0508581682284116
300637.SZ,扬帆新材,-0.28482365839731905
300640.SZ,德艺文创,-0.04468346921516952
300643.SZ,万通智控,-0.2495536854613906
300645.SZ,正元智慧,-0.11835422904191621
300649.SZ,杭州园林,-0.2043894379832954
300654.SZ,世纪天鸿,-0.20306020534949798
300655.SZ,晶瑞股份,-0.11690025013831318
300657.SZ,弘信电子,-0.05646938140132697
300658.SZ,延江股份,-0.08409224854063761
300659.SZ,中孚信息,-0.15046622586937086
300663.SZ,科蓝软件,-0.12801357730045076
300664.SZ,鹏鹞环保,-0.23404626393264957
300666.SZ,江丰电子,-0.2854302034906022
300668.SZ,杰恩设计,-0.19777450292725463
300669.SZ,沪宁股份,-0.30945760404287487
300670.SZ,大烨智能,-0.17728852838933967
300674.SZ,宇信科技,-0.04651711109705421
300678.SZ,中科信息,-0.2794817525144758
300681.SZ,英搏尔,-0.03510971786833858
300682.SZ,朗新科技,-0.08020258338238727
300683.SZ,海特生物,-0.33943437407105365
300684.SZ,中石科技,-0.2521325511336609
300686.SZ,智动力,-0.24173677515856534
300688.SZ,创业黑马,-0.14964369403728664
300689.SZ,澄天伟业,-0.03916929547844383
300691.SZ,联合光电,-0.16655127941200004
300694.SZ,蠡湖股份,-0.1579650189702386
300698.SZ,万马科技,-0.38138747884940777
300700.SZ,岱勒新材,-0.009578544061302728
300703.SZ,创源股份,-0.045296308290155615
300706.SZ,阿石创,-0.446483649822912
300709.SZ,精研科技,-0.4154440708766291
300711.SZ,广哈通信,-0.14811930139433283
300716.SZ,国立科技,-0.14905870934998564
300717.SZ,华信新材,-0.04455927835277569
300730.SZ,科创信息,-0.20966552413340125
300731.SZ,科创新源,-0.2097901745645048
300732.SZ,设研院,-0.04683548847434063
300735.SZ,光弘科技,-0.3938841502040335
300736.SZ,百邦科技,-0.18853362734288853
300738.SZ,奥飞数据,-0.2335537149800336
300739.SZ,明阳电路,-0.21422428273869512
300743.SZ,天地数码,-0.11465657304651874
300745.SZ,欣锐科技,-0.009431025896414296
300746.SZ,汉嘉设计,-0.07427219959114838
300749.SZ,顶固集创,-0.27418539937194925
300761.SZ,立华股份,-0.16804244117146894
300765.SZ,新诺威,-0.07964222873900298
300766.SZ,每日互动,-0.5561677079907925
300768.SZ,迪普科技,-0.1446140647655874
300770.SZ,新媒股份,-0.4173169069462647
300771.SZ,智莱科技,-0.3200210129476838
300773.SZ,拉卡拉,-0.08897041906327025
300778.SZ,新城市,-0.1794064949608063
300779.SZ,惠城环保,-0.23762098182789573
300780.SZ,德恩精工,-0.1470608591885442
300783.SZ,三只松鼠,-0.08647720564119389
300785.SZ,值得买,-0.13828300428581475
300786.SZ,国林科技,-0.23193953386103774
300787.SZ,海能实业,-0.011708399999999983
300789.SZ,唐源电气,-0.30858579701310573
300792.SZ,壹网壹创,-0.3211007009345795
300793.SZ,佳禾智能,-0.32268597285067857
300795.SZ,*ST米奥,-0.23645636363636366
300797.SZ,钢研纳克,-0.03656448345712358
300798.SZ,锦鸡股份,-0.3132052672347018
300800.SZ,力合科技,-0.13784041604754818
300801.SZ,泰和科技,-0.08912630732099765
300803.SZ,指南针,-0.43886391007627457
300805.SZ,电声股份,-0.5163830985915493
300807.SZ,天迈科技,-0.44328125
300808.SZ,久量股份,-0.352405459057072
300809.SZ,华辰装备,-0.2052306684141545
300810.SZ,中科海讯,-0.3973128014842301
300811.SZ,铂科新材,-0.07856927060854567
300812.SZ,易天股份,-0.30117950581395336
300813.SZ,泰林生物,-0.2090287991305922
300815.SZ,玉禾田,-0.25808052631578954
300817.SZ,双飞股份,-0.009312577833125621
300818.SZ,耐普矿机,-0.1675113670809337
300820.SZ,英杰电气,-0.5947554482758621
300821.SZ,东岳硅材,-0.21953706505295015
300822.SZ,贝仕达克,-0.3216397804756362
300823.SZ,建科机械,-0.04317577854671264
600004.SH,白云机场,-0.026482943961059276
600009.SH,上海机场,-0.14837800107350957
600011.SH,华能国际,-0.032382618145674974
600016.SH,民生银行,-0.10226062544390889
600020.SH,中原高速,-0.0802828096891604
600021.SH,上海电力,-0.05339380003406573
600035.SH,楚天高速,-0.09700679652263217
600050.SH,中国联通,-0.16281139339855272
600052.SH,浙江广厦,-0.0726280164802826
600053.SH,九鼎投资,-0.2908704883227177
600056.SH,中国医药,-0.1534690989943909
600062.SH,华润双鹤,-0.008323369863708168
600067.SH,冠城大通,-0.059490084985835634
600070.SH,浙江富润,-0.33763599953677537
600078.SH,澄星股份,-0.42432209994028
600080.SH,ST金花,-0.054028613695441145
600082.SH,海泰发展,-0.1474926253687316
600083.SH,*ST博信,-0.43326488706365507
600088.SH,中视传媒,-0.11931533502041033
600090.SH,*ST济堂,-0.6253101736972705
600091.SH,ST明科,-0.4759036144578313
600093.SH,易见股份,-0.3864207879295892
600094.SH,大名城,-0.4483461774534543
600095.SH,湘财股份,-0.17148402634389562
600100.SH,同方股份,-0.24855854739139316
600101.SH,明星电力,-0.09433193411395047
600105.SH,永鼎股份,-0.3019930181276323
600108.SH,亚盛集团,-0.11842105263157898
600112.SH,ST天成,-0.1904761904761903
600114.SH,东睦股份,-0.18034383851086774
600120.SH,浙江东方,-0.07718617566067484
600122.SH,*ST宏图,-0.383419689119171
600126.SH,杭钢股份,-0.06700449428687212
600128.SH,弘业股份,-0.051498821440844576
600130.SH,波导股份,-0.13350785340314136
600131.SH,国网信通,-0.27828481839346236
600135.SH,乐凯胶片,-0.23916089020531428
600136.SH,当代文体,-0.23614190687361425
600137.SH,浪莎股份,-0.04602064992207928
600139.SH,西部资源,-0.03971119133574002
600146.SH,*ST环球,-0.8722592945662535
600150.SH,中国船舶,-0.09375000000000001
600155.SH,华创阳安,-0.20241171403962085
600156.SH,华升股份,-0.23555555555555546
600162.SH,香江控股,-0.05598743324902301
600167.SH,联美控股,-0.25292248216920804
600168.SH,武汉控股,-0.05630340137441627
600170.SH,上海建工,-0.02635289378273135
600171.SH,上海贝岭,-0.03458551442087729
600179.SH,*ST安通,-0.0029176062887795997
600180.SH,瑞茂通,-0.016748088546521232
600182.SH,S佳通,-0.011087848819591654
600183.SH,生益科技,-0.13848373654577578
600186.SH,莲花健康,-0.06228373702422157
600191.SH,华资实业,-0.3618499522394846
600192.SH,长城电工,-0.28924750628669343
600200.SH,江苏吴中,-0.015873015873015848
600202.SH,哈空调,-0.0391467061911235
600203.SH,福日电子,-0.2672413793103448
600206.SH,有研新材,-0.13447065213174533
600213.SH,亚星客车,-0.08948863636363635
600215.SH,*ST经开,-0.05111507991024405
600216.SH,浙江医药,-0.13875652654076975
600217.SH,中再资环,-0.02554027504911596
600225.SH,*ST松江,-0.3043478260869564
600229.SH,城市传媒,-0.05024152161128357
600232.SH,金鹰股份,-0.11498738933418053
600239.SH,*ST云城,-0.31141868512110726
600241.SH,*ST时万,-0.036939313984169046
600242.SH,*ST中昌,-0.6434782608695653
600250.SH,南纺股份,-0.2880597014925374
600252.SH,中恒集团,-0.08840793964096991
600260.SH,凯乐科技,-0.43900758097863535
600265.SH,ST景谷,-0.24285714285714294
600266.SH,城建发展,-0.10022149016453559
600267.SH,海正药业,-0.05204117373092873
600271.SH,航天信息,-0.38904300579354356
600272.SH,开开实业,-0.03532309857915817
600277.SH,亿利洁能,-0.07148399706816513
600278.SH,东方创业,-0.10779953818523902
600279.SH,重庆港九,-0.00606501342071958
600289.SH,*ST信通,-0.3009523809523809
600291.SH,西水股份,-0.6291012838801712
600293.SH,三峡新材,-0.14130434782608683
600297.SH,广汇汽车,-0.20052770448548826
600311.SH,*ST荣华,-0.4384057971014492
600312.SH,平高电气,-0.29677917090469347
600318.SH,新力金融,-0.3248022642704357
600319.SH,ST亚星,-0.09400000000000001
600322.SH,天房发展,-0.21428571428571425
600330.SH,天通股份,-0.01309421832896942
600331.SH,宏达股份,-0.16071428571428595
600340.SH,华夏幸福,-0.5783886820385242
600345.SH,长江通信,-0.3715449863085587
600353.SH,旭光电子,-0.14910944723564235
600355.SH,精伦电子,-0.2965299684542587
600360.SH,华微电子,-0.20303535596190267
600361.SH,华联综超,-0.011207213584094062
600365.SH,ST通葡,-0.276657060518732
600368.SH,五洲交通,-0.052916416115454064
600373.SH,中文传媒,-0.013466999564604122
600385.SH,*ST金泰,-0.3586666666666667
600386.SH,北巴传媒,-0.007077439655778828
600387.SH,海越能源,-0.1691616766467065
600388.SH,龙净环保,-0.10696413678065034
600390.SH,五矿资本,-0.1745193491535178
600393.SH,粤泰股份,-0.18800000000000008
600400.SH,红豆股份,-0.15106672111491407
600410.SH,华胜天成,-0.37314055756128023
600422.SH,昆药集团,-0.05062335488979601
600423.SH,ST柳化,-0.07266435986159168
600439.SH,瑞贝卡,-0.08283545179727518
600444.SH,国机通用,-0.0257565329378582
600446.SH,金证股份,-0.20066894523487785
600448.SH,华纺股份,-0.23023986262512072
600455.SH,博通股份,-0.22800338409475462
600466.SH,蓝光发展,-0.2528950089473424
600468.SH,百利电气,-0.07226107226107228
600476.SH,湘邮科技,-0.22755905511811014
600478.SH,科力远,-0.0026109660574412815
600487.SH,亨通光电,-0.386189021854267
600491.SH,龙元建设,-0.24701850954723437
600493.SH,凤竹纺织,-0.006534679089026899
600495.SH,晋西车轴,-0.16136363636363646
600498.SH,烽火通信,-0.5055683516573511
600505.SH,西昌电力,-0.31537789520785847
600506.SH,*ST香梨,-0.1600985221674875
600510.SH,黑牡丹,-0.09690527721804101
600512.SH,腾达建设,-0.07113488581680533
600513.SH,联环药业,-0.1036426265892306
600517.SH,国网英大,-0.04813664596273314
600520.SH,文一科技,-0.28998968008255926
600522.SH,中天科技,-0.07421819102562625
600528.SH,中铁工业,-0.09240157636238965
600530.SH,*ST交昂,-0.07988165680473372
600536.SH,中国软件,-0.3647240579822954
600545.SH,卓郎智能,-0.4325842696629214
600546.SH,山煤国际,-0.20426638229888136
600547.SH,山东黄金,-0.09594084814268306
600550.SH,保变电气,-0.32166666666666666
600555.SH,*ST海创,-0.3900414937759336
600557.SH,康缘药业,-0.18127676159549383
600560.SH,金自天正,-0.21862404481343872
600561.SH,江西长运,-0.10950413223140507
600566.SH,济川药业,-0.0027724796188543757
600571.SH,信雅达,-0.17403989127212988
600572.SH,康恩贝,-0.21268656716417927
600579.SH,克劳斯,-0.2934947049924358
600583.SH,海油工程,-0.06437966337650779
600585.SH,海螺水泥,-0.00840033298008949
600587.SH,新华医疗,-0.0023059001708956527
600589.SH,广东榕泰,-0.6446280991735537
600590.SH,泰豪科技,-0.04436860068259383
600592.SH,龙溪股份,-0.166167464043323
600593.SH,大连圣亚,-0.43137761695528554
600599.SH,*ST熊猫,-0.25837988826815655
600602.SH,云赛智联,-0.23536091779186838
600603.SH,广汇物流,-0.0792107102772269
600604.SH,市北高新,-0.15920482635397995
600613.SH,神奇制药,-0.3146551724137932
600615.SH,丰华股份,-0.2705128205128204
600622.SH,光大嘉宝,-0.08291800659759944
600624.SH,复旦复华,-0.1539674605970104
600626.SH,申达股份,-0.28161853615698995
600628.SH,新世界,-0.14820667621405725
600629.SH,华建集团,-0.022213736155889834
600630.SH,龙头股份,-0.30404463040446295
600633.SH,浙数文化,-0.19390956591395983
600635.SH,大众公用,-0.08202798960397463
600636.SH,国新文化,-0.08671799938806092
600640.SH,号百控股,-0.3170999195494771
600641.SH,万业企业,-0.22069630907260296
600643.SH,爱建集团,-0.08012872178084231
600647.SH,同达创业,-0.08238172920065252
600648.SH,外高桥,-0.003542016593984532
600649.SH,城投控股,-0.019121759130145577
600652.SH,ST游久,-0.34497816593886466
600653.SH,申华控股,-0.13157894736842107
600654.SH,ST中安,-0.24154589371980664
600661.SH,昂立教育,-0.12105602060528001
600664.SH,哈药股份,-0.2602409638554219
600665.SH,天地源,-0.05850872672061961
600666.SH,ST瑞德,-0.20526315789473681
600667.SH,太极实业,-0.26944027470643744
600668.SH,尖峰集团,-0.039651628259223165
600671.SH,*ST目药,-0.18105065666041273
600673.SH,东阳光,-0.3152639087018545
600675.SH,中华企业,-0.14927317783511734
600678.SH,四川金顶,-0.2834437086092716
600688.SH,上海石化,-0.050690122534782785
600689.SH,上海三毛,-0.17492183944985784
600693.SH,东百集团,-0.15338645418326685
600694.SH,大商股份,-0.11677938166585715
600695.SH,*ST绿庭,-0.6244897959183674
600697.SH,欧亚集团,-0.09053487592219979
600699.SH,均胜电子,-0.03907147546364685
600706.SH,曲江文旅,-0.07664624252258347
600708.SH,光明地产,-0.09910387986116537
600712.SH,南宁百货,-0.2290909090909091
600718.SH,东软集团,-0.17841971112999153
600719.SH,大连热电,-0.10725368724807613
600721.SH,*ST百花,-0.32477064220183494
600725.SH,ST云维,-0.13452914798206286
600727.SH,鲁北化工,-0.011283497884344256
600728.SH,佳都科技,-0.3707446267880634
600734.SH,*ST实达,-0.5796766743648961
600736.SH,苏州高新,-0.12519351720255462
600748.SH,上实发展,-0.010806382044502103
600751.SH,海航科技,-0.35836177474402736
600756.SH,浪潮软件,-0.3320030920163846
600759.SH,洲际油气,-0.17299578059071732
600767.SH,ST运盛,-0.0494505494505495
600768.SH,宁波富邦,-0.19797979797979792
600775.SH,南京熊猫,-0.2630290949445723
600776.SH,东方通信,-0.363831253349667
600777.SH,新潮能源,-0.15819209039548016
600778.SH,友好集团,-0.33005893909626716
600781.SH,*ST辅仁,-0.42020202020202024
600783.SH,鲁信创投,-0.0061356351366169595
600785.SH,新华百货,-0.12689748065965428
600789.SH,鲁抗医药,-0.21992221822110172
600796.SH,钱江生化,-0.20588235294117652
600797.SH,浙大网新,-0.30869835412034863
600800.SH,渤海化学,-0.1602112676056339
600802.SH,福建水泥,-0.20468699285787076
600804.SH,鹏博士,-0.09803921568627445
600805.SH,悦达投资,-0.18636363636363643
600811.SH,东方集团,-0.046376811594203
600816.SH,*ST安信,-0.18400000000000005
600825.SH,新华传媒,-0.031363836290022484
600826.SH,兰生股份,-0.13961540974324338
600829.SH,人民同泰,-0.11878453038674043
600830.SH,香溢融通,-0.12900382875827052
600831.SH,广电网络,-0.3220747889022918
600837.SH,海通证券,-0.15120918480675263
600839.SH,四川长虹,-0.05587420132809503
600843.SH,上工申贝,-0.13251155624036978
600847.SH,万里股份,-0.1678048780487806
600853.SH,龙建股份,-0.12186049214986802
600856.SH,ST中天,-0.08783783783783773
600857.SH,宁波中百,-0.010912698412698268
600863.SH,内蒙华电,-0.014416473671686029
600864.SH,哈投股份,-0.19685099846390156
600866.SH,星湖科技,-0.19175257731958759
600868.SH,梅雁吉祥,-0.07858248579682021
600869.SH,远东股份,-0.20267776813211255
600874.SH,创业环保,-0.12121165960875126
600881.SH,亚泰集团,-0.039344262295081894
600890.SH,*ST中房,-0.7278846153846154
600892.SH,大晟文化,-0.061702127659574516
600898.SH,*ST美讯,-0.0804597701149426
600903.SH,贵州燃气,-0.1447775052315026
600909.SH,华安证券,-0.1898734177215191
600928.SH,西安银行,-0.0851458649299671
600936.SH,广西广电,-0.22323794382617929
600939.SH,重庆建工,-0.053729490022172824
600958.SH,东方证券,-0.04097753111829854
600959.SH,江苏有线,-0.15324244362705908
600965.SH,福成股份,-0.321415068863084
600973.SH,宝胜股份,-0.07442565514826861
600975.SH,新五丰,-0.10132219740291173
600979.SH,广安爱众,-0.014567399279562602
600981.SH,汇鸿集团,-0.023645383508122675
600995.SH,文山电力,-0.11851461881218335
600996.SH,贵广网络,-0.3800456300456301
601002.SH,晋亿实业,-0.09558823529411771
601066.SH,中信建投,-0.006606763207509438
601068.SH,中铝国际,-0.2663551401869159
601069.SH,西部黄金,-0.06643043294636317
601077.SH,渝农商行,-0.18112547528517098
601086.SH,国芳集团,-0.263402011435482
601107.SH,四川成渝,-0.019273898651084562
601116.SH,三江购物,-0.193471443378425
601137.SH,博威合金,-0.07685634317055527
601139.SH,深圳燃气,-0.06688176173703791
601162.SH,天风证券,-0.1151046271735928
601177.SH,杭齿前进,-0.02400042000735004
601179.SH,中国西电,-0.14042728081685596
601186.SH,中国铁建,-0.168894897601522
601198.SH,东兴证券,-0.024806538439971014
601200.SH,上海环境,-0.061902288052726934
601212.SH,白银有色,-0.0464285714285715
601226.SH,华电重工,-0.005924904684095749
601236.SH,红塔证券,-0.3488528138528138
601319.SH,中国人保,-0.03765754984655174
601330.SH,绿色动力,-0.06001222104601832
601333.SH,广深铁路,-0.06784509600415123
601360.SH,三六零,-0.3415446027706173
601366.SH,利群股份,-0.04670450476697444
601375.SH,中原证券,-0.09259259259259266
601512.SH,中新集团,-0.07574573055028436
601518.SH,吉林高速,-0.042735042735042604
601567.SH,三星医疗,-0.003471858679856093
601588.SH,北辰实业,-0.0775389719375928
601669.SH,中国电建,-0.008024216282963603
601688.SH,华泰证券,-0.07573577788937397
601696.SH,中银证券,-0.33568432385874253
601700.SH,风范股份,-0.3633762517882689
601718.SH,际华集团,-0.3444527736131934
601789.SH,宁波建工,-0.13061467878743627
601800.SH,中国交建,-0.1371047293265979
601811.SH,新华文轩,-0.01956025128498007
601816.SH,京沪高铁,-0.04671052631578944
601857.SH,中国石油,-0.09879213234917916
601860.SH,紫金银行,-0.05953042383161544
601869.SH,长飞光纤,-0.36385948517999367
601872.SH,招商轮船,-0.10469315151479167
601900.SH,南方传媒,-0.15037155342826006
601929.SH,吉视传媒,-0.11764705882352931
601933.SH,永辉超市,-0.3357960430412768
601975.SH,招商南油,-0.059071729957805956
601988.SH,中国银行,-0.0034716412916178936
601990.SH,南京证券,-0.382508481456112
601992.SH,金隅集团,-0.14101220107905182
601999.SH,出版传媒,-0.026945497533732755
603000.SH,人民网,-0.05345904266498519
603003.SH,龙宇燃油,-0.13434727503168561
603007.SH,花王股份,-0.25011757917327015
603009.SH,北特科技,-0.10558069381598799
603011.SH,合锻智能,-0.049862792861672875
603012.SH,创力集团,-0.03759554382230572
603015.SH,弘讯科技,-0.04545454545454542
603019.SH,中科曙光,-0.130532122913589
603021.SH,山东华鹏,-0.056896551724137955
603022.SH,新通联,-0.3470437017994859
603023.SH,威帝股份,-0.026672957458520098
603028.SH,赛福天,-0.02612433862433849
603029.SH,天鹅股份,-0.09371353926142703
603030.SH,全筑股份,-0.12441768137937283
603031.SH,安德利,-0.2108540925266904
603032.SH,*ST德新,-0.31306441902468396
603036.SH,如通股份,-0.10762480193623658
603042.SH,华脉科技,-0.4009287046840622
603045.SH,福达合金,-0.24228874854624896
603050.SH,科林电气,-0.21614791832204533
603053.SH,成都燃气,-0.3008084239130435
603059.SH,倍加洁,-0.14733426227179555
603066.SH,音飞储存,-0.07117336193272955
603068.SH,博通集成,-0.33512110638773335
603078.SH,江化微,-0.1306288630233003
603079.SH,圣达生物,-0.3263221764968999
603080.SH,新疆火炬,-0.0037342871902443894
603083.SH,剑桥科技,-0.41404566789781466
603086.SH,先达股份,-0.020217603957488266
603090.SH,宏盛股份,-0.23779794445659305
603093.SH,南华期货,-0.2465035161744022
603096.SH,新经典,-0.05551289355693737
603101.SH,汇嘉时代,-0.10318758815232747
603105.SH,芯能科技,-0.07654320987654308
603106.SH,恒银科技,-0.0042918454935623376
603111.SH,康尼机电,-0.14429530201342286
603115.SH,海星股份,-0.11105791284403688
603116.SH,红蜻蜓,-0.06157205240174682
603118.SH,共进股份,-0.3501632440159961
603121.SH,华培动力,-0.13544484483085606
603123.SH,翠微股份,-0.20940289790583203
603133.SH,碳元科技,-0.4680390032502708
603138.SH,海量数据,-0.41525694871726293
603139.SH,康惠制药,-0.0776404522550077
603157.SH,*ST拉夏,-0.5125
603158.SH,腾龙股份,-0.016954373724057198
603160.SH,汇顶科技,-0.561401691248771
603169.SH,兰石重装,-0.07205240174672499
603186.SH,华正新材,-0.1853925139567001
603188.SH,ST亚邦,-0.1646884272997033
603189.SH,网达软件,-0.4022781039165863
603192.SH,汇得科技,-0.09174445373213035
603196.SH,日播时尚,-0.09143481717011152
603200.SH,上海洗霸,-0.48514851485148514
603220.SH,中贝通信,-0.47156483525385273
603221.SH,爱丽家居,-0.3676361679224973
603222.SH,济民制药,-0.6740507270078202
603226.SH,菲林格尔,-0.3330886827688534
603228.SH,景旺电子,-0.09355783613096229
603232.SH,格尔软件,-0.3706173872263839
603256.SH,宏和科技,-0.25182461159586716
603258.SH,电魂网络,-0.03194911853652876
603269.SH,海鸥股份,-0.14066593526495322
603278.SH,大业股份,-0.22977685689680163
603283.SH,赛腾股份,-0.455810516538131
603286.SH,日盈电子,-0.0949523050692224
603305.SH,旭升股份,-0.07605315238903007
603311.SH,金海高科,-0.002973435764531537
603316.SH,诚邦股份,-0.2974164046045989
603318.SH,派思股份,-0.12075983717774759
603320.SH,迪贝电气,-0.07275875771699311
603321.SH,梅轮电梯,-0.10003658281652851
603322.SH,超讯通信,-0.35525706345530345
603326.SH,我乐家居,-0.12256789137221327
603327.SH,福蓉科技,-0.3820973899493572
603328.SH,依顿电子,-0.302149752587516
603331.SH,百达精工,-0.17229741019214723
603332.SH,苏州龙杰,-0.2502828318560444
603333.SH,尚纬股份,-0.08583573289455636
603336.SH,宏辉果蔬,-0.1434939652763418
603356.SH,华菱精工,-0.23465406162465002
603357.SH,设计总院,-0.032064290113174
603359.SH,东珠生态,-0.21968749958530576
603360.SH,百傲化学,-0.20241268014519792
603363.SH,傲农生物,-0.06383940960623284
603366.SH,日出东方,-0.12224598438048241
603367.SH,辰欣药业,-0.13354614238141696
603379.SH,三美股份,-0.25840539651201055
603383.SH,顶点软件,-0.36026232485979137
603388.SH,元成股份,-0.1619718309859153
603389.SH,*ST亚振,-0.0417633410672853
603390.SH,通达电气,-0.34377495107632083
603393.SH,新天然气,-0.1785229943945512
603399.SH,吉翔股份,-0.6455584872471416
603421.SH,鼎信通讯,-0.2356632364078382
603496.SH,恒为科技,-0.30390331198570203
603499.SH,翔港科技,-0.254563995997845
603500.SH,祥和实业,-0.018062922120044473
603507.SH,振江股份,-0.12078079400914053
603508.SH,思维列控,-0.502140289189328
603516.SH,淳中科技,-0.17662123883805259
603527.SH,众源新材,-0.10793238455750838
603530.SH,神马电力,-0.22383559247923052
603551.SH,奥普家居,-0.20319186785260485
603555.SH,*ST贵人,-0.15384615384615377
603556.SH,海兴电力,-0.11343965379067163
603557.SH,起步股份,-0.17324895754881584
603558.SH,健盛集团,-0.0666219603371544
603559.SH,中通国脉,-0.5216867469879517
603569.SH,长久物流,-0.06243223858689305
603577.SH,汇金通,-0.028427470882470964
603580.SH,艾艾精工,-0.057124107804336084
603585.SH,苏利股份,-0.18169772462221792
603586.SH,金麒麟,-0.11588703480595366
603590.SH,康辰药业,-0.06046264529964163
603595.SH,东尼电子,-0.3870829535225146
603598.SH,引力传媒,-0.0650128314798973
603600.SH,永艺股份,-0.07581919063078245
603602.SH,纵横通信,-0.4332302010338642
603603.SH,博天环境,-0.22041420118343197
603608.SH,天创时尚,-0.4316441851986875
603611.SH,诺力股份,-0.19682726204465326
603616.SH,韩建河山,-0.23741935483870963
603618.SH,杭电股份,-0.055939853640297056
603619.SH,中曼石油,-0.2710355987055016
603628.SH,清源股份,-0.04052443384982114
603629.SH,利通电子,-0.012717928701535278
603633.SH,徕木股份,-0.021448314303281778
603636.SH,南威软件,-0.19386467452577666
603637.SH,镇海股份,-0.23863046401488347
603655.SH,朗博科技,-0.1326720361735197
603656.SH,泰禾智能,-0.037819428707647686
603660.SH,苏州科达,-0.3583827809326875
603662.SH,柯力传感,-0.07901496259351624
603668.SH,天马科技,-0.22653721682847894
603676.SH,卫信康,-0.07598486303123385
603679.SH,华体科技,-0.3732990452232789
603685.SH,晨丰科技,-0.03957111086018409
603687.SH,大胜达,-0.4321567357512953
603688.SH,石英股份,-0.1660751144911906
603689.SH,皖天然气,-0.057613613091802664
603690.SH,至纯科技,-0.07015584395160016
603701.SH,德宏股份,-0.0077299335558448975
603703.SH,盛洋科技,-0.2151978296489296
603706.SH,东方环宇,-0.06502117945335359
603708.SH,家家悦,-0.30528612422036205
603709.SH,中源家居,-0.20339470458164818
603711.SH,香飘飘,-0.14171601445247772
603716.SH,塞力医疗,-0.019368114740183524
603721.SH,中广天择,-0.4892816848439262
603726.SH,朗迪集团,-0.4860154950731499
603729.SH,龙韵股份,-0.15960451977401124
603738.SH,泰晶科技,-0.016169212123719714
603767.SH,中马传动,-0.016923396836060645
603773.SH,沃格光电,-0.16649519749133734
603788.SH,宁波高发,-0.014292895529194608
603790.SH,雅运股份,-0.12347930964952228
603798.SH,康普顿,-0.01859130619723841
603800.SH,道森股份,-0.17037650989136152
603803.SH,瑞斯康达,-0.38501106225513976
603813.SH,原尚股份,-0.23238160112683867
603815.SH,交建股份,-0.5762273361227337
603822.SH,嘉澳环保,-0.19604820733688463
603823.SH,百合花,-0.14032773178118074
603825.SH,华扬联众,-0.31065414865219926
603838.SH,四通股份,-0.19736070537561048
603839.SH,安正时尚,-0.21943786471561794
603843.SH,正平股份,-0.15102852094901573
603860.SH,中公高科,-0.1019760927165713
603861.SH,白云电器,-0.1257518131021442
603863.SH,松炀资源,-0.25044089456869006
603867.SH,新化股份,-0.19489869427119053
603869.SH,新智认知,-0.14679802955665025
603879.SH,永悦科技,-0.3351632110130484
603881.SH,数据港,-0.20474552351998695
603887.SH,城地香江,-0.37121751125308555
603888.SH,新华网,-0.13147564284746527
603895.SH,天永智能,-0.2042954426401257
603897.SH,长城科技,-0.07576928924240425
603900.SH,莱绅通灵,-0.037404710433496406
603912.SH,佳力图,-0.33997488919686597
603920.SH,世运电路,-0.05378385663888968
603922.SH,金鸿顺,-0.021546261089987435
603927.SH,中科软,-0.3539573296627666
603929.SH,亚翔集成,-0.30148766613364086
603933.SH,睿能科技,-0.1379342308761871
603936.SH,博敏电子,-0.10378443706680628
603948.SH,建业股份,-0.26996304849884534
603949.SH,雪龙集团,-0.09763502109704635
603955.SH,大千生态,-0.06476181875316206
603963.SH,大理药业,-0.09989442250077986
603967.SH,中创物流,-0.04213738659639763
603978.SH,深圳新星,-0.10765596478041442
603980.SH,吉华集团,-0.08792607952271811
603983.SH,丸美股份,-0.12911476175646228
603990.SH,麦迪科技,-0.0012697732766269684
603996.SH,*ST中新,-0.06686930091185418
603998.SH,方盛制药,-0.10898714604407414
603999.SH,读者传媒,-0.10399927006050509
688001.SH,华兴源创,-0.06384939292172578
688007.SH,光峰科技,-0.017998768472906386
688008.SH,澜起科技,-0.1473180263157896
688009.SH,中国通号,-0.05259016393442627
688010.SH,福光股份,-0.21867920353982295
688011.SH,新光光电,-0.023229860365198873
688012.SH,中微公司,-0.17209436966275873
688015.SH,交控科技,-0.2589533287577214
688018.SH,乐鑫科技,-0.34588605433376446
688020.SH,方邦股份,-0.05968344819530442
688022.SH,瀚川智能,-0.3245216102741417
688025.SH,杰普特,-0.0766649823143001
688028.SH,沃尔德,-0.33960565656565656
688030.SH,山石网科,-0.2763023885742429
688033.SH,天宜上佳,-0.5119777247414479
688037.SH,芯源微,-0.21318914956011736
688039.SH,当虹科技,-0.3316842342342342
688051.SH,佳华科技,-0.3879550416281221
688058.SH,宝兰德,-0.4620632031529918
688066.SH,航天宏图,-0.07214247311827972
688078.SH,龙软科技,-0.42652126099706755
688080.SH,映翰通,-0.5716725274725275
688081.SH,兴图新科,-0.39903836813987364
688086.SH,紫晶存储,-0.49338824171823814
688088.SH,虹软科技,-0.2916
688090.SH,瑞松科技,-0.4411597096188749
688098.SH,申联生物,-0.2170253317249698
688100.SH,威胜信息,-0.1040056910569106
688101.SH,三达膜,-0.18065876777251183
688108.SH,赛诺医疗,-0.43402596580114
688118.SH,普元信息,-0.47586051282051284
688123.SH,聚辰股份,-0.3677171653543307
688128.SH,中国电研,-0.15371019967620095
688138.SH,清溢光电,-0.19780283114256833
688158.SH,优刻得-W,-0.4240702921608332
688159.SH,有方科技,-0.6010534963698893
688168.SH,安博通,-0.4824822618791658
688177.SH,百奥泰-U,-0.5350911974623315
688178.SH,万德斯,-0.3177728531855956
688186.SH,广大特材,-0.030081645983017723
688199.SH,久日新材,-0.29210730674196955
688218.SH,江苏北人,-0.42405322020825303
688233.SH,神工股份,-0.2755895551257254
688258.SH,卓易信息,-0.5827626966292134
688310.SH,迈得医疗,-0.023607705779334482
688321.SH,微芯生物,-0.17136258660508072
688358.SH,祥生医疗,-0.2644228367528993
688369.SH,致远互联,-0.11676770849693738
688398.SH,赛特新材,-0.19264795607077492
