ts_code,adj_factor
689009.SH,1.0
000001.SZ,111.048
000002.SZ,153.901
000004.SZ,4.064
000005.SZ,9.268
000006.SZ,36.507
000007.SZ,8.284
000008.SZ,22.408
000009.SZ,8.881
000010.SZ,10.775
000011.SZ,3.752
000012.SZ,26.778
000014.SZ,5.427
000016.SZ,21.823
000017.SZ,2.683
000019.SZ,4.211
000020.SZ,1.752
000021.SZ,14.039
000023.SZ,2.668
000025.SZ,2.737
000026.SZ,7.744
000027.SZ,16.398
000028.SZ,3.993
000029.SZ,2.235
000030.SZ,3.408
000031.SZ,14.651
000032.SZ,4.164
000034.SZ,3.042
000035.SZ,4.612
000036.SZ,11.912
000037.SZ,5.669
000038.SZ,2.924
000039.SZ,30.845
000040.SZ,4.349
000042.SZ,13.353
000045.SZ,2.928
000046.SZ,34.006
000048.SZ,6.259
000049.SZ,5.495
000050.SZ,8.373
000055.SZ,9.782
000056.SZ,4.708
000058.SZ,3.274
000059.SZ,1.7
000060.SZ,37.807
000061.SZ,21.476
000062.SZ,7.36
000063.SZ,15.87
000065.SZ,15.328
000066.SZ,10.878
000068.SZ,2.28
000069.SZ,42.485
000070.SZ,3.484
000078.SZ,20.484
000088.SZ,8.016
000089.SZ,7.088
000090.SZ,7.485
000096.SZ,2.654
000099.SZ,3.803
000100.SZ,3.167
000150.SZ,3.943
000151.SZ,2.759
000153.SZ,5.652
000155.SZ,1.568
000156.SZ,1.081
000157.SZ,72.925
000158.SZ,2.952
000159.SZ,3.204
000166.SZ,1.449
000333.SZ,4.635
000338.SZ,19.775
000400.SZ,7.672
000401.SZ,4.047
000402.SZ,37.155
000403.SZ,7.581
000404.SZ,3.336
000407.SZ,10.983
000408.SZ,5.675
000409.SZ,2.15
000410.SZ,2.889
000411.SZ,2.577
000413.SZ,4.593
000415.SZ,20.919
000416.SZ,9.637
000417.SZ,17.435
000419.SZ,14.48
000420.SZ,6.352
000421.SZ,6.91
000422.SZ,14.787
000423.SZ,10.127
000425.SZ,38.418
000426.SZ,16.932
000428.SZ,12.139
000429.SZ,3.764
000430.SZ,4.612
000488.SZ,9.545
000498.SZ,2.803
000501.SZ,6.689
000502.SZ,3.113
000503.SZ,7.615
000504.SZ,2.103
000505.SZ,3.312
000506.SZ,2.872
000507.SZ,4.562
000509.SZ,9.746
000510.SZ,10.422
000513.SZ,8.409
000514.SZ,4.35
000516.SZ,39.872
000517.SZ,13.406
000518.SZ,8.377
000519.SZ,7.937
000520.SZ,6.855
000521.SZ,5.219
000523.SZ,6.687
000524.SZ,4.927
000525.SZ,7.524
000526.SZ,2.471
000528.SZ,11.717
000529.SZ,3.164
000530.SZ,9.853
000531.SZ,12.369
000532.SZ,4.419
000533.SZ,2.258
000534.SZ,4.172
000536.SZ,3.673
000537.SZ,6.204
000538.SZ,18.24
000539.SZ,18.168
000540.SZ,80.895
000541.SZ,29.887
000543.SZ,4.617
000544.SZ,3.51
000545.SZ,4.283
000546.SZ,1.828
000547.SZ,10.604
000548.SZ,3.535
000550.SZ,3.117
000551.SZ,7.726
000552.SZ,6.864
000553.SZ,4.187
000554.SZ,4.896
000555.SZ,3.142
000557.SZ,7.328
000558.SZ,5.957
000559.SZ,34.042
000560.SZ,5.272
000561.SZ,2.52
000563.SZ,17.341
000564.SZ,3.02
000565.SZ,7.571
000566.SZ,9.514
000567.SZ,4.748
000568.SZ,32.768
000570.SZ,4.498
000571.SZ,7.613
000572.SZ,4.656
000573.SZ,7.658
000576.SZ,6.187
000581.SZ,5.042
000582.SZ,4.877
000584.SZ,4.844
000585.SZ,1.277
000586.SZ,3.698
000587.SZ,12.655
000589.SZ,5.011
000590.SZ,4.764
000591.SZ,13.58
000592.SZ,6.375
000593.SZ,5.6
000595.SZ,4.958
000596.SZ,3.414
000597.SZ,4.791
000598.SZ,25.168
000599.SZ,4.878
000600.SZ,6.971
000601.SZ,10.257
000603.SZ,4.269
000605.SZ,3.556
000606.SZ,6.443
000607.SZ,3.762
000608.SZ,11.125
000609.SZ,6.029
000610.SZ,3.013
000611.SZ,4.596
000612.SZ,9.769
000615.SZ,9.093
000616.SZ,28.319
000617.SZ,7.056
000619.SZ,9.252
000620.SZ,1.648
000622.SZ,2.525
000623.SZ,21.129
000625.SZ,7.803
000626.SZ,10.678
000627.SZ,27.882
000628.SZ,3.123
000629.SZ,7.789
000630.SZ,26.826
000631.SZ,17.911
000632.SZ,7.527
000633.SZ,7.479
000635.SZ,4.158
000636.SZ,17.34
000637.SZ,17.116
000638.SZ,4.42
000639.SZ,10.907
000650.SZ,21.592
000651.SZ,161.467
000652.SZ,27.447
000655.SZ,5.716
000656.SZ,6.847
000657.SZ,4.24
000659.SZ,16.527
000661.SZ,7.433
000663.SZ,4.049
000665.SZ,5.766
000666.SZ,1.598
000667.SZ,25.348
000668.SZ,3.672
000669.SZ,3.651
000671.SZ,32.241
000672.SZ,6.011
000673.SZ,11.508
000676.SZ,10.804
000677.SZ,18.3
000678.SZ,4.96
000679.SZ,5.763
000680.SZ,5.447
000681.SZ,5.039
000682.SZ,15.75
000683.SZ,7.556
000685.SZ,14.609
000686.SZ,13.034
000687.SZ,3.319
000688.SZ,4.947
000690.SZ,44.57
000691.SZ,3.055
000692.SZ,12.19
000695.SZ,2.55
000697.SZ,3.675
000698.SZ,3.031
000700.SZ,15.894
000701.SZ,1.726
000702.SZ,2.553
000703.SZ,9.268
000705.SZ,5.417
000707.SZ,3.038
000708.SZ,3.701
000709.SZ,10.128
000710.SZ,3.497
000711.SZ,9.759
000712.SZ,13.151
000713.SZ,4.457
000715.SZ,4.988
000716.SZ,3.783
000717.SZ,4.673
000718.SZ,8.043
000719.SZ,4.49
000720.SZ,7.26
000721.SZ,4.69
000722.SZ,3.915
000723.SZ,6.703
000725.SZ,4.88
000726.SZ,8.035
000727.SZ,5.635
000728.SZ,2.622
000729.SZ,8.108
000731.SZ,11.309
000732.SZ,4.427
000733.SZ,2.201
000735.SZ,5.84
000736.SZ,2.991
000737.SZ,3.636
000738.SZ,1.798
000739.SZ,12.279
000750.SZ,12.577
000751.SZ,3.371
000752.SZ,4.771
000753.SZ,10.74
000755.SZ,2.567
000756.SZ,1.997
000757.SZ,4.024
000758.SZ,16.856
000759.SZ,7.005
000761.SZ,1.919
000762.SZ,5.38
000766.SZ,3.268
000767.SZ,10.762
000768.SZ,8.45
000776.SZ,5.606
000777.SZ,6.994
000778.SZ,13.363
000779.SZ,2.278
000780.SZ,4.901
000782.SZ,3.405
000783.SZ,5.531
000785.SZ,6.421
000786.SZ,10.616
000788.SZ,3.754
000789.SZ,5.845
000790.SZ,12.252
000791.SZ,3.831
000793.SZ,12.769
000795.SZ,4.284
000796.SZ,4.026
000797.SZ,6.63
000798.SZ,2.302
000799.SZ,2.029
000800.SZ,2.386
000801.SZ,14.458
000802.SZ,3.328
000803.SZ,3.005
000806.SZ,8.502
000807.SZ,6.803
000809.SZ,2.896
000810.SZ,5.326
000811.SZ,15.256
000812.SZ,7.386
000813.SZ,3.775
000815.SZ,3.446
000816.SZ,7.31
000818.SZ,2.07
000819.SZ,8.384
000820.SZ,1.925
000821.SZ,2.462
000822.SZ,2.405
000823.SZ,2.865
000825.SZ,7.276
000826.SZ,8.322
000828.SZ,3.69
000829.SZ,14.898
000830.SZ,6.799
000831.SZ,4.0
000833.SZ,1.656
000835.SZ,7.462
000836.SZ,8.029
000837.SZ,4.035
000838.SZ,13.037
000839.SZ,22.611
000848.SZ,25.369
000850.SZ,8.164
000851.SZ,2.397
000852.SZ,5.479
000856.SZ,1.878
000858.SZ,17.555
000859.SZ,3.675
000860.SZ,3.001
000861.SZ,18.698
000862.SZ,2.698
000863.SZ,6.055
000868.SZ,6.73
000869.SZ,4.645
000875.SZ,1.406
000876.SZ,18.163
000877.SZ,6.727
000878.SZ,2.792
000880.SZ,3.232
000881.SZ,4.951
000882.SZ,2.945
000883.SZ,5.382
000885.SZ,2.031
000886.SZ,3.021
000887.SZ,7.099
000888.SZ,6.303
000889.SZ,5.05
000890.SZ,3.602
000892.SZ,2.486
000893.SZ,2.035
000895.SZ,21.62
000897.SZ,5.945
000898.SZ,3.02
000899.SZ,3.549
000900.SZ,12.926
000901.SZ,6.518
000902.SZ,3.579
000903.SZ,11.88
000905.SZ,2.611
000906.SZ,4.65
000908.SZ,2.83
000909.SZ,2.124
000910.SZ,2.451
000911.SZ,1.889
000912.SZ,2.301
000913.SZ,2.724
000915.SZ,3.218
000917.SZ,7.9
000918.SZ,2.466
000919.SZ,3.685
000920.SZ,3.069
000921.SZ,1.358
000922.SZ,2.711
000923.SZ,1.655
000925.SZ,3.007
000926.SZ,3.467
000927.SZ,1.588
000928.SZ,2.163
000929.SZ,2.498
000930.SZ,5.713
000931.SZ,1.54
000932.SZ,2.156
000933.SZ,12.44
000935.SZ,3.083
000936.SZ,6.527
000937.SZ,7.731
000938.SZ,7.011
000948.SZ,2.519
000949.SZ,4.753
000950.SZ,2.362
000951.SZ,3.264
000952.SZ,2.528
000953.SZ,2.608
000955.SZ,2.46
000957.SZ,5.113
000958.SZ,4.471
000959.SZ,2.242
000960.SZ,3.384
000961.SZ,5.659
000962.SZ,3.362
000963.SZ,12.55
000965.SZ,2.84
000966.SZ,3.929
000967.SZ,5.123
000968.SZ,1.88
000969.SZ,6.743
000970.SZ,16.064
000971.SZ,3.789
000972.SZ,3.266
000973.SZ,3.843
000975.SZ,9.839
000976.SZ,3.673
000977.SZ,6.554
000978.SZ,3.133
000980.SZ,2.078
000981.SZ,5.281
000982.SZ,16.841
000983.SZ,8.667
000985.SZ,1.665
000987.SZ,4.151
000988.SZ,10.017
000989.SZ,4.794
000990.SZ,3.12
000993.SZ,1.82
000995.SZ,1.686
000996.SZ,4.059
000997.SZ,10.972
000998.SZ,11.267
000999.SZ,2.031
001696.SZ,24.589
001872.SZ,4.331
001896.SZ,1.387
001914.SZ,8.359
001965.SZ,1.1
001979.SZ,1.161
002001.SZ,28.27
002002.SZ,10.867
002003.SZ,16.144
002004.SZ,19.924
002005.SZ,10.037
002006.SZ,7.733
002007.SZ,41.341
002008.SZ,12.827
002009.SZ,5.361
002010.SZ,8.516
002011.SZ,6.2
002012.SZ,5.213
002013.SZ,29.214
002014.SZ,9.387
002015.SZ,5.792
002016.SZ,6.531
002017.SZ,6.263
002019.SZ,14.673
002020.SZ,9.541
002021.SZ,9.202
002022.SZ,12.184
002023.SZ,10.238
002024.SZ,88.051
002025.SZ,6.529
002026.SZ,3.666
002027.SZ,12.951
002028.SZ,19.758
002029.SZ,9.882
002030.SZ,14.629
002031.SZ,14.861
002032.SZ,8.417
002033.SZ,5.46
002034.SZ,3.373
002035.SZ,16.14
002036.SZ,7.052
002037.SZ,4.125
002038.SZ,21.572
002039.SZ,2.491
002040.SZ,3.004
002041.SZ,13.561
002042.SZ,6.987
002043.SZ,7.24
002044.SZ,9.711
002045.SZ,5.778
002046.SZ,4.938
002047.SZ,3.248
002048.SZ,6.437
002049.SZ,4.412
002050.SZ,14.514
002051.SZ,5.369
002052.SZ,6.818
002053.SZ,2.169
002054.SZ,3.39
002055.SZ,5.984
002056.SZ,8.762
002057.SZ,5.604
002058.SZ,2.386
002059.SZ,2.121
002060.SZ,3.89
002061.SZ,2.234
002062.SZ,9.641
002063.SZ,10.168
002064.SZ,11.161
002065.SZ,30.857
002066.SZ,3.162
002067.SZ,2.755
002068.SZ,5.737
002069.SZ,6.663
002071.SZ,1.537
002072.SZ,1.107
002073.SZ,9.219
002074.SZ,4.508
002075.SZ,2.839
002076.SZ,5.764
002077.SZ,1.47
002078.SZ,8.516
002079.SZ,4.938
002080.SZ,4.833
002081.SZ,29.358
002082.SZ,2.879
002083.SZ,2.484
002084.SZ,2.757
002085.SZ,7.78
002086.SZ,4.127
002087.SZ,2.343
002088.SZ,3.902
002089.SZ,15.968
002090.SZ,5.719
002091.SZ,6.867
002092.SZ,3.384
002093.SZ,12.157
002094.SZ,5.304
002095.SZ,4.417
002096.SZ,4.944
002097.SZ,4.84
002098.SZ,2.329
002099.SZ,7.095
002100.SZ,11.503
002101.SZ,3.97
002102.SZ,9.212
002103.SZ,2.374
002104.SZ,6.535
002105.SZ,1.594
002106.SZ,3.55
002107.SZ,7.633
002108.SZ,16.729
002109.SZ,3.704
002110.SZ,2.047
002111.SZ,3.459
002112.SZ,2.578
002113.SZ,10.891
002114.SZ,1.82
002115.SZ,6.24
002116.SZ,4.418
002117.SZ,5.641
002118.SZ,12.43
002119.SZ,3.76
002120.SZ,6.298
002121.SZ,15.516
002122.SZ,8.472
002123.SZ,7.338
002124.SZ,11.188
002125.SZ,4.128
002126.SZ,5.522
002127.SZ,10.043
002128.SZ,2.823
002129.SZ,4.225
002130.SZ,20.49
002131.SZ,43.759
002132.SZ,5.845
002133.SZ,2.997
002134.SZ,1.251
002135.SZ,3.121
002136.SZ,2.071
002137.SZ,3.301
002138.SZ,6.662
002139.SZ,16.807
002140.SZ,8.624
002141.SZ,8.059
002142.SZ,2.089
002144.SZ,1.119
002145.SZ,3.041
002146.SZ,11.267
002147.SZ,3.44
002148.SZ,10.451
002149.SZ,3.164
002150.SZ,5.698
002151.SZ,5.814
002152.SZ,16.391
002153.SZ,17.346
002154.SZ,11.69
002155.SZ,2.69
002156.SZ,2.796
002157.SZ,15.398
002158.SZ,3.963
002159.SZ,1.522
002160.SZ,2.11
002161.SZ,10.704
002162.SZ,2.206
002163.SZ,4.664
002164.SZ,3.154
002165.SZ,7.545
002166.SZ,7.17
002167.SZ,7.859
002168.SZ,14.975
002169.SZ,7.613
002170.SZ,8.073
002171.SZ,5.067
002172.SZ,3.012
002173.SZ,3.043
002174.SZ,3.112
002175.SZ,6.466
002176.SZ,12.957
002177.SZ,8.827
002178.SZ,6.538
002179.SZ,7.784
002180.SZ,4.801
002181.SZ,2.197
002182.SZ,3.294
002183.SZ,14.921
002184.SZ,2.165
002185.SZ,10.394
002186.SZ,2.377
002187.SZ,2.372
002188.SZ,1.978
002189.SZ,1.029
002190.SZ,2.636
002191.SZ,6.272
002192.SZ,3.047
002193.SZ,2.067
002194.SZ,3.644
002195.SZ,29.747
002196.SZ,2.797
002197.SZ,4.09
002199.SZ,2.632
002200.SZ,1.815
002201.SZ,3.76
002202.SZ,7.803
002203.SZ,3.735
002204.SZ,4.791
002205.SZ,2.098
002206.SZ,10.708
002207.SZ,2.053
002208.SZ,5.345
002209.SZ,1.555
002210.SZ,10.352
002211.SZ,1.524
002212.SZ,3.256
002213.SZ,2.098
002214.SZ,4.202
002215.SZ,7.914
002216.SZ,8.359
002217.SZ,5.723
002218.SZ,5.573
002219.SZ,16.233
002221.SZ,4.211
002222.SZ,2.622
002223.SZ,8.984
002224.SZ,6.962
002225.SZ,1.862
002226.SZ,9.046
002227.SZ,2.077
002228.SZ,9.673
002229.SZ,5.186
002230.SZ,13.468
002231.SZ,3.094
002232.SZ,3.126
002233.SZ,2.781
002234.SZ,2.136
002235.SZ,4.574
002236.SZ,42.637
002237.SZ,8.251
002238.SZ,3.177
002239.SZ,9.08
002240.SZ,1.617
002241.SZ,23.011
002242.SZ,4.699
002243.SZ,1.71
002244.SZ,5.948
002245.SZ,13.826
002246.SZ,1.604
002247.SZ,6.487
002248.SZ,2.028
002249.SZ,11.915
002250.SZ,6.022
002251.SZ,4.822
002252.SZ,24.126
002253.SZ,3.823
002254.SZ,5.682
002255.SZ,4.157
002256.SZ,15.226
002258.SZ,3.678
002259.SZ,2.585
002261.SZ,10.138
002262.SZ,8.493
002263.SZ,4.525
002264.SZ,4.725
002265.SZ,1.003
002266.SZ,10.98
002267.SZ,2.507
002268.SZ,8.506
002269.SZ,4.487
002270.SZ,2.133
002271.SZ,33.441
002272.SZ,3.415
002273.SZ,13.93
002274.SZ,3.241
002275.SZ,1.684
002276.SZ,3.783
002277.SZ,6.334
002278.SZ,2.172
002279.SZ,9.994
002280.SZ,13.509
002281.SZ,3.261
002282.SZ,2.119
002283.SZ,4.182
002284.SZ,6.476
002285.SZ,14.584
002286.SZ,3.56
002287.SZ,1.512
002288.SZ,7.455
002289.SZ,1.524
002290.SZ,2.657
002291.SZ,1.726
002292.SZ,7.912
002293.SZ,6.957
002294.SZ,11.215
002295.SZ,1.582
002296.SZ,5.133
002297.SZ,3.015
002298.SZ,3.136
002299.SZ,2.458
002300.SZ,6.572
002301.SZ,4.81
002302.SZ,4.125
002303.SZ,9.299
002304.SZ,4.221
002305.SZ,3.356
002306.SZ,4.174
002307.SZ,4.193
002308.SZ,4.334
002309.SZ,3.772
002310.SZ,46.53
002311.SZ,6.933
002312.SZ,18.207
002313.SZ,2.686
002314.SZ,2.295
002315.SZ,3.331
002316.SZ,3.336
002317.SZ,10.584
002318.SZ,5.641
002319.SZ,2.051
002320.SZ,8.841
002321.SZ,2.061
002322.SZ,4.718
002323.SZ,4.298
002324.SZ,6.746
002325.SZ,8.835
002326.SZ,5.729
002327.SZ,10.109
002328.SZ,2.834
002329.SZ,5.873
002330.SZ,2.048
002331.SZ,5.396
002332.SZ,2.554
002333.SZ,3.72
002334.SZ,11.901
002335.SZ,5.755
002336.SZ,1.19
002337.SZ,5.232
002338.SZ,3.245
002339.SZ,5.479
002340.SZ,23.868
002341.SZ,8.319
002342.SZ,2.481
002343.SZ,3.201
002344.SZ,4.387
002345.SZ,6.8
002346.SZ,2.182
002347.SZ,3.843
002348.SZ,6.867
002349.SZ,7.83
002350.SZ,4.83
002351.SZ,7.003
002352.SZ,3.494
002353.SZ,8.187
002354.SZ,2.874
002355.SZ,2.086
002356.SZ,5.513
002357.SZ,4.325
002358.SZ,8.502
002360.SZ,6.838
002361.SZ,8.927
002362.SZ,2.0
002363.SZ,2.555
002364.SZ,6.453
002365.SZ,3.322
002366.SZ,2.332
002367.SZ,7.815
002368.SZ,5.413
002369.SZ,4.293
002370.SZ,3.53
002371.SZ,4.748
002372.SZ,8.095
002373.SZ,4.09
002374.SZ,6.631
002375.SZ,6.124
002376.SZ,4.527
002377.SZ,4.336
002378.SZ,2.09
002379.SZ,8.017
002380.SZ,3.269
002381.SZ,5.406
002382.SZ,6.505
002383.SZ,4.798
002384.SZ,7.31
002385.SZ,10.3
002386.SZ,1.788
002387.SZ,3.558
002388.SZ,3.794
002389.SZ,6.164
002390.SZ,10.279
002391.SZ,5.631
002392.SZ,8.421
002393.SZ,1.168
002394.SZ,4.538
002395.SZ,3.224
002396.SZ,3.238
002397.SZ,12.719
002398.SZ,6.169
002399.SZ,3.718
002400.SZ,18.468
002401.SZ,5.872
002402.SZ,12.14
002403.SZ,1.448
002404.SZ,4.967
002405.SZ,4.005
002406.SZ,3.8
002407.SZ,5.603
002408.SZ,6.162
002409.SZ,3.15
002410.SZ,12.636
002411.SZ,4.166
002412.SZ,7.347
002413.SZ,4.964
002414.SZ,5.41
002415.SZ,21.041
002416.SZ,2.773
002417.SZ,2.293
002418.SZ,4.997
002419.SZ,4.107
002420.SZ,1.018
002421.SZ,17.944
002422.SZ,6.485
002423.SZ,1.021
002424.SZ,10.813
002425.SZ,4.415
002426.SZ,5.267
002427.SZ,2.049
002428.SZ,5.289
002429.SZ,8.958
002430.SZ,2.193
002431.SZ,9.844
002432.SZ,3.063
002433.SZ,4.21
002434.SZ,6.738
002435.SZ,4.236
002436.SZ,13.084
002437.SZ,15.848
002438.SZ,4.136
002439.SZ,8.213
002440.SZ,5.014
002441.SZ,4.669
002442.SZ,2.536
002443.SZ,3.679
002444.SZ,4.389
002445.SZ,7.212
002446.SZ,4.972
002447.SZ,18.403
002448.SZ,5.613
002449.SZ,3.02
002450.SZ,14.677
002451.SZ,3.062
002452.SZ,5.573
002453.SZ,4.132
002454.SZ,2.868
002455.SZ,6.163
002456.SZ,20.443
002457.SZ,2.579
002458.SZ,8.292
002459.SZ,1.324
002460.SZ,9.572
002461.SZ,2.104
002462.SZ,1.668
002463.SZ,2.768
002464.SZ,3.797
002465.SZ,6.746
002466.SZ,7.754
002467.SZ,11.137
002468.SZ,2.242
002469.SZ,8.26
002470.SZ,4.269
002471.SZ,6.925
002472.SZ,5.137
002473.SZ,2.077
002474.SZ,6.253
002475.SZ,33.729
002476.SZ,5.236
002478.SZ,2.493
002479.SZ,3.88
002480.SZ,4.104
002481.SZ,18.411
002482.SZ,8.477
002483.SZ,3.142
002484.SZ,4.697
002485.SZ,2.957
002486.SZ,4.183
002487.SZ,4.613
002488.SZ,6.163
002489.SZ,11.481
002490.SZ,2.044
002491.SZ,4.203
002492.SZ,3.202
002493.SZ,9.936
002494.SZ,2.702
002495.SZ,9.673
002496.SZ,14.262
002497.SZ,6.602
002498.SZ,7.932
002499.SZ,2.575
002500.SZ,1.159
002501.SZ,7.536
002502.SZ,6.66
002503.SZ,37.956
002504.SZ,3.395
002505.SZ,15.185
002506.SZ,5.097
002507.SZ,5.519
002508.SZ,6.724
002510.SZ,4.338
002511.SZ,8.056
002512.SZ,6.929
002513.SZ,2.981
002514.SZ,6.661
002515.SZ,10.971
002516.SZ,8.45
002517.SZ,6.234
002518.SZ,5.519
002519.SZ,11.513
002520.SZ,8.803
002521.SZ,3.38
002522.SZ,8.479
002523.SZ,7.38
002524.SZ,4.586
002526.SZ,5.979
002527.SZ,2.749
002528.SZ,6.444
002529.SZ,1.299
002530.SZ,3.346
002531.SZ,8.017
002532.SZ,7.016
002533.SZ,4.606
002534.SZ,2.188
002535.SZ,3.529
002536.SZ,5.202
002537.SZ,6.888
002538.SZ,4.491
002539.SZ,5.956
002540.SZ,8.221
002541.SZ,3.164
002542.SZ,18.699
002543.SZ,4.775
002544.SZ,6.306
002545.SZ,5.162
002546.SZ,9.809
002547.SZ,6.12
002548.SZ,4.858
002549.SZ,8.321
002550.SZ,9.538
002551.SZ,8.309
002552.SZ,3.135
002553.SZ,4.606
002554.SZ,7.108
002555.SZ,11.978
002556.SZ,5.362
002557.SZ,3.226
002558.SZ,4.178
002559.SZ,6.961
002560.SZ,4.231
002561.SZ,1.379
002562.SZ,6.751
002563.SZ,5.378
002564.SZ,3.245
002565.SZ,8.356
002566.SZ,3.086
002567.SZ,5.179
002568.SZ,4.466
002569.SZ,1.558
002570.SZ,2.579
002571.SZ,4.022
002572.SZ,18.41
002573.SZ,7.848
002574.SZ,2.339
002575.SZ,4.485
002576.SZ,1.356
002577.SZ,2.343
002578.SZ,5.152
002579.SZ,3.833
002580.SZ,4.148
002581.SZ,2.887
002582.SZ,4.188
002583.SZ,5.622
002584.SZ,2.68
002585.SZ,3.684
002586.SZ,6.195
002587.SZ,7.383
002588.SZ,9.472
002589.SZ,9.433
002590.SZ,4.588
002591.SZ,3.465
002592.SZ,2.572
002593.SZ,3.291
002594.SZ,1.021
002595.SZ,4.679
002596.SZ,4.958
002597.SZ,4.908
002598.SZ,2.386
002599.SZ,3.483
002600.SZ,4.257
002601.SZ,9.344
002602.SZ,9.618
002603.SZ,2.728
002605.SZ,4.408
002606.SZ,4.168
002607.SZ,8.245
002608.SZ,2.604
002609.SZ,5.469
002610.SZ,12.505
002611.SZ,6.946
002612.SZ,2.408
002613.SZ,3.652
002614.SZ,4.851
002615.SZ,5.179
002616.SZ,4.503
002617.SZ,7.822
002618.SZ,3.02
002619.SZ,6.141
002620.SZ,4.03
002621.SZ,8.201
002622.SZ,5.812
002623.SZ,1.021
002624.SZ,3.119
002625.SZ,6.637
002626.SZ,7.734
002627.SZ,3.258
002628.SZ,3.81
002629.SZ,3.727
002630.SZ,5.905
002631.SZ,4.233
002632.SZ,5.782
002633.SZ,1.523
002634.SZ,6.96
002635.SZ,4.746
002636.SZ,2.623
002637.SZ,4.404
002638.SZ,5.047
002639.SZ,3.088
002640.SZ,12.264
002641.SZ,6.084
002642.SZ,4.631
002643.SZ,5.658
002644.SZ,5.596
002645.SZ,5.413
002646.SZ,1.087
002647.SZ,3.403
002648.SZ,4.358
002649.SZ,4.942
002650.SZ,8.036
002651.SZ,3.037
002652.SZ,5.035
002653.SZ,3.179
002654.SZ,6.222
002655.SZ,3.042
002656.SZ,5.299
002657.SZ,3.637
002658.SZ,4.694
002659.SZ,2.029
002660.SZ,2.648
002661.SZ,3.415
002662.SZ,4.736
002663.SZ,8.163
002664.SZ,3.112
002665.SZ,13.801
002666.SZ,4.62
002667.SZ,3.469
002668.SZ,4.941
002669.SZ,2.116
002670.SZ,2.333
002671.SZ,4.073
002672.SZ,6.085
002673.SZ,2.51
002674.SZ,1.239
002675.SZ,5.028
002676.SZ,4.681
002677.SZ,3.938
002678.SZ,2.742
002679.SZ,1.784
002681.SZ,10.623
002682.SZ,2.606
002683.SZ,2.694
002684.SZ,6.645
002685.SZ,2.895
002686.SZ,4.684
002687.SZ,4.14
002688.SZ,5.773
002689.SZ,3.753
002690.SZ,3.792
002691.SZ,1.723
002692.SZ,4.155
002693.SZ,3.503
002694.SZ,4.097
002695.SZ,4.191
002696.SZ,3.632
002697.SZ,7.202
002698.SZ,2.699
002699.SZ,8.272
002700.SZ,5.93
002701.SZ,9.162
002702.SZ,7.042
002703.SZ,2.546
002705.SZ,1.936
002706.SZ,11.73
002707.SZ,12.155
002708.SZ,3.14
002709.SZ,6.973
002712.SZ,5.207
002713.SZ,3.755
002714.SZ,12.96
002715.SZ,1.504
002716.SZ,3.816
002717.SZ,13.487
002718.SZ,2.55
002719.SZ,1.62
002721.SZ,3.046
002722.SZ,1.047
002723.SZ,2.044
002724.SZ,1.905
002725.SZ,2.698
002726.SZ,4.58
002727.SZ,2.141
002728.SZ,2.265
002729.SZ,1.013
002730.SZ,2.268
002731.SZ,1.724
002732.SZ,1.072
002733.SZ,2.361
002734.SZ,3.165
002735.SZ,1.733
002736.SZ,1.106
002737.SZ,4.743
002738.SZ,1.53
002739.SZ,3.04
002740.SZ,3.031
002741.SZ,3.058
002742.SZ,4.7
002743.SZ,2.055
002745.SZ,2.098
002746.SZ,2.734
002747.SZ,6.159
002748.SZ,2.115
002749.SZ,6.413
002750.SZ,6.155
002751.SZ,2.015
002752.SZ,1.988
002753.SZ,3.538
002755.SZ,1.747
002756.SZ,2.078
002757.SZ,2.348
002758.SZ,3.872
002759.SZ,2.545
002760.SZ,1.004
002761.SZ,2.959
002762.SZ,5.501
002763.SZ,2.086
002765.SZ,2.042
002766.SZ,2.016
002767.SZ,1.52
002768.SZ,3.058
002769.SZ,5.09
002770.SZ,3.859
002771.SZ,2.662
002772.SZ,2.131
002773.SZ,1.998
002774.SZ,1.019
002775.SZ,4.261
002776.SZ,4.6
002777.SZ,3.766
002778.SZ,1.011
002779.SZ,1.512
002780.SZ,1.956
002781.SZ,1.015
002782.SZ,2.599
002783.SZ,4.215
002785.SZ,1.002
002786.SZ,3.027
002787.SZ,2.125
002788.SZ,2.866
002789.SZ,1.726
002790.SZ,2.821
002791.SZ,1.539
002792.SZ,2.282
002793.SZ,3.561
002795.SZ,2.105
002796.SZ,2.316
002797.SZ,1.622
002798.SZ,2.985
002799.SZ,1.823
002800.SZ,1.013
002801.SZ,2.704
002802.SZ,1.104
002803.SZ,2.976
002805.SZ,1.51
002806.SZ,1.728
002807.SZ,1.294
002808.SZ,2.273
002809.SZ,2.642
002810.SZ,1.968
002811.SZ,1.58
002812.SZ,3.495
002813.SZ,1.01
002815.SZ,2.129
002816.SZ,1.005
002817.SZ,1.726
002818.SZ,1.891
002819.SZ,1.311
002820.SZ,1.69
002821.SZ,2.028
002822.SZ,2.051
002823.SZ,2.086
002824.SZ,1.519
002825.SZ,1.482
002826.SZ,1.012
002827.SZ,1.615
002828.SZ,1.732
002829.SZ,2.006
002830.SZ,2.063
002831.SZ,2.287
002832.SZ,5.175
002833.SZ,1.663
002835.SZ,2.022
002836.SZ,2.111
002837.SZ,3.775
002838.SZ,4.927
002839.SZ,1.074
002840.SZ,2.42
002841.SZ,1.646
002842.SZ,2.766
002843.SZ,1.687
002845.SZ,2.022
002846.SZ,2.635
002847.SZ,1.025
002848.SZ,1.002
002849.SZ,1.52
002850.SZ,1.54
002851.SZ,2.283
002852.SZ,3.024
002853.SZ,2.582
002855.SZ,1.012
002856.SZ,1.206
002857.SZ,1.63
002858.SZ,2.012
002859.SZ,4.094
002860.SZ,2.612
002861.SZ,1.046
002862.SZ,1.513
002863.SZ,1.722
002864.SZ,1.01
002865.SZ,1.025
002866.SZ,1.735
002867.SZ,1.626
002868.SZ,1.355
002869.SZ,1.575
002870.SZ,1.028
002871.SZ,1.774
002872.SZ,1.521
002873.SZ,1.722
002875.SZ,1.716
002876.SZ,1.83
002877.SZ,2.753
002878.SZ,2.973
002879.SZ,1.444
002880.SZ,1.532
002881.SZ,1.708
002882.SZ,1.053
002883.SZ,2.447
002884.SZ,3.273
002885.SZ,2.269
002886.SZ,1.512
002887.SZ,4.187
002888.SZ,1.556
002889.SZ,1.009
002890.SZ,1.007
002891.SZ,1.713
002892.SZ,1.753
002893.SZ,1.729
002895.SZ,1.051
002896.SZ,1.014
002897.SZ,1.627
002898.SZ,1.123
002899.SZ,1.01
002900.SZ,1.637
002901.SZ,1.034
002902.SZ,1.512
002903.SZ,1.519
002905.SZ,2.327
002906.SZ,1.021
002907.SZ,1.007
002908.SZ,1.538
002909.SZ,2.067
002910.SZ,1.013
002911.SZ,1.872
002912.SZ,2.604
002913.SZ,1.027
002915.SZ,1.513
002916.SZ,1.711
002917.SZ,2.441
002918.SZ,2.636
002919.SZ,1.523
002920.SZ,1.02
002921.SZ,1.03
002922.SZ,1.033
002923.SZ,1.917
002925.SZ,1.82
002926.SZ,1.019
002927.SZ,2.414
002928.SZ,2.283
002929.SZ,1.011
002930.SZ,1.88
002931.SZ,1.62
002932.SZ,1.017
002933.SZ,1.023
002935.SZ,1.972
002936.SZ,1.164
002937.SZ,1.629
002938.SZ,1.031
002939.SZ,1.021
002940.SZ,1.041
002941.SZ,1.01
002942.SZ,1.024
002943.SZ,1.005
002945.SZ,1.006
002946.SZ,1.007
002947.SZ,1.017
002948.SZ,1.074
002949.SZ,1.023
002950.SZ,1.535
002951.SZ,1.038
002952.SZ,2.313
002953.SZ,1.01
002955.SZ,1.7
002956.SZ,2.031
002957.SZ,1.007
002958.SZ,1.055
002959.SZ,1.31
002960.SZ,1.011
002961.SZ,1.006
002962.SZ,1.208
002963.SZ,1.006
002965.SZ,1.009
002966.SZ,1.024
002967.SZ,1.605
002968.SZ,1.51
002969.SZ,1.003
002970.SZ,2.014
002971.SZ,1.0
002972.SZ,1.006
002973.SZ,1.001
002975.SZ,2.008
002976.SZ,1.014
002977.SZ,1.002
002978.SZ,1.007
002979.SZ,1.018
002980.SZ,1.017
002981.SZ,1.002
002982.SZ,1.002
002983.SZ,1.0
002984.SZ,1.007
002985.SZ,1.01
002986.SZ,1.02
002987.SZ,1.0
002988.SZ,1.009
002989.SZ,1.007
002990.SZ,1.0
002991.SZ,1.009
002992.SZ,1.0
002993.SZ,1.0
002995.SZ,1.0
002996.SZ,1.0
002997.SZ,1.0
002998.SZ,1.0
002999.SZ,1.0
003000.SZ,1.007
003001.SZ,1.0
003002.SZ,1.0
003003.SZ,1.0
003004.SZ,1.0
003005.SZ,1.0
003006.SZ,1.0
003007.SZ,1.0
003008.SZ,1.0
003009.SZ,1.0
003010.SZ,1.0
003011.SZ,1.0
003012.SZ,1.0
003013.SZ,1.0
003015.SZ,1.0
003016.SZ,1.0
003017.SZ,1.0
003018.SZ,1.0
003019.SZ,1.0
003020.SZ,1.0
003021.SZ,1.0
003022.SZ,1.0
003023.SZ,1.0
003025.SZ,1.0
003026.SZ,1.0
003027.SZ,1.0
003028.SZ,1.0
003029.SZ,1.0
003030.SZ,1.0
003031.SZ,1.0
003032.SZ,1.0
003033.SZ,1.0
003035.SZ,1.0
003036.SZ,1.0
003037.SZ,1.0
003038.SZ,1.0
003039.SZ,1.0
003040.SZ,1.0
003041.SZ,1.0
003042.SZ,1.0
003043.SZ,1.0
003816.SZ,1.025
300001.SZ,6.921
300002.SZ,15.389
300003.SZ,4.33
300004.SZ,4.075
300005.SZ,12.12
300006.SZ,7.67
300007.SZ,4.126
300008.SZ,11.498
300009.SZ,14.975
300010.SZ,5.187
300011.SZ,8.409
300012.SZ,19.352
300013.SZ,4.602
300014.SZ,17.799
300015.SZ,28.882
300016.SZ,7.375
300017.SZ,23.487
300018.SZ,6.603
300019.SZ,7.199
300020.SZ,6.837
300021.SZ,10.509
300022.SZ,4.054
300023.SZ,3.768
300024.SZ,23.724
300025.SZ,7.955
300026.SZ,48.041
300027.SZ,15.103
300029.SZ,1.023
300030.SZ,4.09
300031.SZ,6.636
300032.SZ,4.231
300033.SZ,8.784
300034.SZ,3.724
300035.SZ,8.4
300036.SZ,5.315
300037.SZ,3.479
300038.SZ,4.382
300039.SZ,11.518
300040.SZ,4.34
300041.SZ,6.02
300042.SZ,3.16
300043.SZ,21.055
300044.SZ,7.624
300045.SZ,8.192
300046.SZ,4.376
300047.SZ,5.213
300048.SZ,8.319
300049.SZ,3.608
300050.SZ,8.337
300051.SZ,6.285
300052.SZ,2.686
300053.SZ,5.123
300054.SZ,12.847
300055.SZ,8.011
300056.SZ,5.971
300057.SZ,2.595
300058.SZ,18.954
300059.SZ,46.479
300061.SZ,5.378
300062.SZ,4.217
300063.SZ,7.861
300064.SZ,4.133
300065.SZ,5.844
300066.SZ,20.817
300067.SZ,8.189
300068.SZ,2.587
300069.SZ,2.011
300070.SZ,18.38
300071.SZ,11.13
300072.SZ,20.403
300073.SZ,4.093
300074.SZ,13.441
300075.SZ,6.988
300076.SZ,8.312
300077.SZ,5.149
300078.SZ,12.679
300079.SZ,12.543
300080.SZ,2.637
300081.SZ,5.073
300082.SZ,7.761
300083.SZ,8.23
300084.SZ,4.494
300085.SZ,10.979
300086.SZ,4.896
300087.SZ,8.163
300088.SZ,17.145
300089.SZ,3.794
300091.SZ,12.173
300092.SZ,2.566
300093.SZ,1.823
300094.SZ,2.457
300095.SZ,4.053
300096.SZ,5.124
300097.SZ,3.65
300098.SZ,15.394
300099.SZ,14.407
300100.SZ,3.354
300101.SZ,8.164
300102.SZ,5.419
300103.SZ,5.065
300105.SZ,6.221
300106.SZ,1.525
300107.SZ,9.375
300108.SZ,6.15
300109.SZ,4.331
300110.SZ,5.41
300111.SZ,2.244
300112.SZ,3.642
300113.SZ,11.546
300114.SZ,5.924
300115.SZ,10.171
300116.SZ,9.017
300117.SZ,6.762
300118.SZ,3.387
300119.SZ,5.891
300120.SZ,3.373
300121.SZ,6.131
300122.SZ,4.213
300123.SZ,6.066
300124.SZ,16.152
300125.SZ,4.575
300126.SZ,3.872
300127.SZ,2.423
300128.SZ,9.961
300129.SZ,6.04
300130.SZ,6.956
300131.SZ,18.532
300132.SZ,6.069
300133.SZ,25.377
300134.SZ,4.327
300135.SZ,12.293
300136.SZ,13.063
300137.SZ,4.472
300138.SZ,5.002
300139.SZ,5.161
300140.SZ,4.186
300141.SZ,4.704
300142.SZ,14.357
300143.SZ,4.251
300144.SZ,15.142
300145.SZ,19.552
300146.SZ,28.895
300147.SZ,5.255
300148.SZ,5.894
300149.SZ,6.533
300150.SZ,4.783
300151.SZ,8.128
300152.SZ,6.887
300153.SZ,4.371
300154.SZ,4.974
300155.SZ,8.149
300157.SZ,6.137
300158.SZ,4.372
300159.SZ,18.378
300160.SZ,7.291
300161.SZ,1.546
300162.SZ,5.29
300163.SZ,6.352
300164.SZ,6.25
300165.SZ,6.718
300166.SZ,18.683
300167.SZ,6.974
300168.SZ,8.19
300169.SZ,3.084
300170.SZ,6.563
300171.SZ,8.63
300172.SZ,5.404
300173.SZ,5.327
300174.SZ,3.785
300175.SZ,4.466
300176.SZ,4.561
300177.SZ,12.233
300178.SZ,4.568
300179.SZ,6.662
300180.SZ,7.029
300181.SZ,7.264
300182.SZ,30.863
300183.SZ,4.967
300184.SZ,8.714
300185.SZ,8.506
300187.SZ,9.514
300188.SZ,13.202
300189.SZ,6.505
300190.SZ,11.091
300191.SZ,4.085
300192.SZ,3.42
300193.SZ,2.595
300194.SZ,6.331
300195.SZ,3.339
300196.SZ,3.476
300197.SZ,31.694
300198.SZ,10.195
300199.SZ,8.33
300200.SZ,3.797
300201.SZ,10.671
300202.SZ,6.8
300203.SZ,1.052
300204.SZ,7.842
300205.SZ,5.68
300206.SZ,6.409
300207.SZ,6.875
300208.SZ,10.284
300209.SZ,3.01
300210.SZ,5.977
300211.SZ,6.518
300212.SZ,8.533
300213.SZ,6.283
300214.SZ,3.312
300215.SZ,18.46
300217.SZ,12.973
300218.SZ,2.144
300219.SZ,5.322
300220.SZ,4.344
300221.SZ,4.212
300222.SZ,6.393
300223.SZ,2.637
300224.SZ,4.77
300225.SZ,7.886
300226.SZ,4.729
300227.SZ,5.518
300228.SZ,6.454
300229.SZ,5.293
300230.SZ,7.181
300231.SZ,10.154
300232.SZ,9.639
300233.SZ,2.181
300234.SZ,5.971
300235.SZ,3.694
300236.SZ,2.527
300237.SZ,17.031
300238.SZ,4.074
300239.SZ,5.419
300240.SZ,3.566
300241.SZ,4.061
300242.SZ,5.154
300243.SZ,4.423
300244.SZ,9.499
300245.SZ,4.055
300246.SZ,3.787
300247.SZ,6.305
300248.SZ,10.064
300249.SZ,5.097
300250.SZ,4.204
300251.SZ,25.793
300252.SZ,4.975
300253.SZ,35.165
300254.SZ,1.496
300255.SZ,7.884
300256.SZ,4.594
300257.SZ,6.41
300258.SZ,4.38
300259.SZ,14.168
300260.SZ,3.095
300261.SZ,9.163
300262.SZ,8.866
300263.SZ,8.285
300264.SZ,4.141
300265.SZ,2.585
300266.SZ,19.148
300267.SZ,10.249
300268.SZ,2.027
300269.SZ,4.233
300270.SZ,6.701
300271.SZ,8.505
300272.SZ,5.693
300273.SZ,5.806
300274.SZ,6.773
300275.SZ,2.886
300276.SZ,16.472
300277.SZ,5.278
300278.SZ,4.057
300279.SZ,5.773
300280.SZ,1.021
300281.SZ,6.192
300282.SZ,4.529
300283.SZ,6.179
300284.SZ,3.727
300285.SZ,12.379
300286.SZ,6.702
300287.SZ,12.397
300288.SZ,6.104
300289.SZ,2.577
300290.SZ,6.221
300291.SZ,8.145
300292.SZ,9.413
300293.SZ,4.759
300294.SZ,4.778
300295.SZ,3.869
300296.SZ,18.9
300297.SZ,8.974
300298.SZ,6.166
300299.SZ,8.101
300300.SZ,6.662
300301.SZ,5.572
300302.SZ,6.902
300303.SZ,15.455
300304.SZ,8.27
300305.SZ,3.85
300306.SZ,4.191
300307.SZ,2.199
300308.SZ,4.645
300309.SZ,7.301
300310.SZ,7.701
300311.SZ,7.347
300312.SZ,3.032
300313.SZ,2.027
300314.SZ,3.803
300315.SZ,12.246
300316.SZ,9.183
300317.SZ,2.767
300318.SZ,6.444
300319.SZ,7.819
300320.SZ,8.481
300321.SZ,2.131
300322.SZ,4.414
300323.SZ,3.466
300324.SZ,25.015
300325.SZ,10.275
300326.SZ,11.142
300327.SZ,2.47
300328.SZ,5.581
300329.SZ,3.727
300330.SZ,2.167
300331.SZ,3.088
300332.SZ,2.064
300333.SZ,3.336
300334.SZ,2.265
300335.SZ,2.496
300336.SZ,6.878
300337.SZ,4.452
300338.SZ,4.396
300339.SZ,6.324
300340.SZ,3.678
300341.SZ,4.193
300342.SZ,4.305
300343.SZ,13.801
300344.SZ,4.743
300345.SZ,4.308
300346.SZ,8.458
300347.SZ,12.414
300348.SZ,11.61
300349.SZ,5.835
300350.SZ,3.645
300351.SZ,4.49
300352.SZ,19.287
300353.SZ,6.544
300354.SZ,3.219
300355.SZ,10.002
300356.SZ,3.829
300357.SZ,5.423
300358.SZ,5.253
300359.SZ,8.32
300360.SZ,6.277
300363.SZ,3.833
300364.SZ,4.982
300365.SZ,11.062
300366.SZ,6.073
300367.SZ,17.73
300368.SZ,8.127
300369.SZ,8.208
300370.SZ,16.348
300371.SZ,3.697
300373.SZ,5.198
300374.SZ,2.186
300375.SZ,6.575
300376.SZ,23.083
300377.SZ,10.54
300378.SZ,2.287
300379.SZ,4.052
300380.SZ,2.04
300381.SZ,6.216
300382.SZ,11.256
300383.SZ,20.265
300384.SZ,5.498
300385.SZ,3.934
300386.SZ,4.511
300387.SZ,4.083
300388.SZ,5.625
300389.SZ,4.139
300390.SZ,6.2
300391.SZ,3.787
300392.SZ,6.02
300393.SZ,4.383
300394.SZ,2.66
300395.SZ,4.723
300396.SZ,4.783
300397.SZ,3.61
300398.SZ,5.548
300399.SZ,2.484
300400.SZ,3.019
300401.SZ,5.076
300402.SZ,1.009
300403.SZ,5.421
300404.SZ,3.388
300405.SZ,2.94
300406.SZ,4.224
300407.SZ,4.055
300408.SZ,4.228
300409.SZ,5.591
300410.SZ,4.902
300411.SZ,3.623
300412.SZ,4.733
300413.SZ,1.718
300414.SZ,3.868
300415.SZ,3.868
300416.SZ,4.004
300417.SZ,3.599
300418.SZ,3.986
300419.SZ,7.691
300420.SZ,7.137
300421.SZ,2.094
300422.SZ,5.114
300423.SZ,3.332
300424.SZ,1.821
300425.SZ,8.246
300426.SZ,5.036
300427.SZ,3.297
300428.SZ,3.809
300429.SZ,6.017
300430.SZ,3.874
300432.SZ,5.323
300433.SZ,5.604
300434.SZ,3.691
300435.SZ,3.101
300436.SZ,2.027
300437.SZ,2.918
300438.SZ,4.544
300439.SZ,3.067
300440.SZ,4.147
300441.SZ,6.63
300442.SZ,1.005
300443.SZ,4.195
300444.SZ,4.048
300445.SZ,4.929
300446.SZ,3.47
300447.SZ,3.428
300448.SZ,7.726
300449.SZ,3.628
300450.SZ,12.294
300451.SZ,13.653
300452.SZ,4.043
300453.SZ,3.294
300454.SZ,1.003
300455.SZ,3.718
300456.SZ,5.747
300457.SZ,5.7
300458.SZ,2.073
300459.SZ,13.771
300460.SZ,1.411
300461.SZ,1.822
300462.SZ,2.033
300463.SZ,3.067
300464.SZ,2.535
300465.SZ,3.23
300466.SZ,5.421
300467.SZ,4.017
300468.SZ,2.783
300469.SZ,3.074
300470.SZ,3.72
300471.SZ,5.128
300472.SZ,2.435
300473.SZ,1.054
300474.SZ,2.022
300475.SZ,2.154
300476.SZ,4.735
300477.SZ,6.453
300478.SZ,1.929
300479.SZ,2.024
300480.SZ,2.635
300481.SZ,3.16
300482.SZ,3.679
300483.SZ,1.812
300484.SZ,4.058
300485.SZ,4.141
300486.SZ,1.512
300487.SZ,2.551
300488.SZ,2.653
300489.SZ,3.01
300490.SZ,2.035
300491.SZ,1.815
300492.SZ,1.752
300493.SZ,3.847
300494.SZ,2.045
300495.SZ,7.687
300496.SZ,3.963
300497.SZ,5.966
300498.SZ,2.009
300499.SZ,4.121
300500.SZ,2.669
300501.SZ,2.965
300502.SZ,4.279
300503.SZ,2.532
300504.SZ,1.02
300505.SZ,1.329
300506.SZ,4.845
300507.SZ,4.652
300508.SZ,1.614
300509.SZ,3.952
300510.SZ,6.219
300511.SZ,2.959
300512.SZ,2.2
300513.SZ,2.928
300514.SZ,2.022
300515.SZ,2.069
300516.SZ,1.519
300517.SZ,1.01
300518.SZ,1.005
300519.SZ,2.144
300520.SZ,2.226
300521.SZ,1.817
300522.SZ,2.795
300523.SZ,2.729
300525.SZ,3.567
300526.SZ,2.419
300527.SZ,1.994
300528.SZ,1.214
300529.SZ,1.962
300530.SZ,2.408
300531.SZ,3.522
300532.SZ,3.367
300533.SZ,1.563
300535.SZ,1.707
300536.SZ,3.206
300537.SZ,1.633
300538.SZ,2.742
300539.SZ,2.23
300540.SZ,1.511
300541.SZ,1.975
300542.SZ,3.339
300543.SZ,3.505
300545.SZ,2.025
300546.SZ,2.56
300547.SZ,3.944
300548.SZ,1.821
300549.SZ,2.076
300550.SZ,1.975
300551.SZ,2.719
300552.SZ,1.854
300553.SZ,1.016
300554.SZ,1.819
300555.SZ,2.523
300556.SZ,1.021
300557.SZ,1.018
300558.SZ,1.014
300559.SZ,5.525
300560.SZ,2.716
300561.SZ,4.605
300562.SZ,3.22
300563.SZ,1.937
300564.SZ,1.013
300565.SZ,1.32
300566.SZ,1.978
300567.SZ,3.058
300568.SZ,2.948
300569.SZ,4.882
300570.SZ,1.909
300571.SZ,3.052
300572.SZ,2.935
300573.SZ,1.021
300575.SZ,1.863
300576.SZ,1.981
300577.SZ,3.305
300578.SZ,1.836
300579.SZ,2.293
300580.SZ,1.035
300581.SZ,3.848
300582.SZ,1.521
300583.SZ,1.01
300584.SZ,1.548
300585.SZ,2.046
300586.SZ,4.861
300587.SZ,2.971
300588.SZ,1.613
300589.SZ,2.349
300590.SZ,3.09
300591.SZ,1.311
300592.SZ,1.008
300593.SZ,1.415
300594.SZ,1.006
300595.SZ,8.836
300596.SZ,1.526
300597.SZ,1.005
300598.SZ,1.307
300599.SZ,1.049
300600.SZ,2.967
300601.SZ,1.512
300602.SZ,4.745
300603.SZ,2.579
300604.SZ,3.632
300605.SZ,1.966
300606.SZ,1.006
300607.SZ,3.299
300608.SZ,2.418
300609.SZ,1.027
300610.SZ,1.545
300611.SZ,2.05
300612.SZ,2.289
300613.SZ,1.809
300615.SZ,2.39
300616.SZ,1.839
300617.SZ,2.06
300618.SZ,2.283
300619.SZ,1.011
300620.SZ,1.017
300621.SZ,1.529
300622.SZ,2.078
300623.SZ,4.676
300624.SZ,1.618
300625.SZ,1.08
300626.SZ,1.812
300627.SZ,2.872
300628.SZ,12.462
300629.SZ,1.512
300630.SZ,3.471
300631.SZ,1.639
300632.SZ,2.064
300633.SZ,1.006
300634.SZ,1.006
300635.SZ,1.613
300636.SZ,1.615
300637.SZ,1.975
300638.SZ,2.733
300639.SZ,2.455
300640.SZ,2.825
300641.SZ,1.754
300642.SZ,1.533
300643.SZ,1.019
300644.SZ,1.017
300645.SZ,1.927
300647.SZ,2.73
300648.SZ,2.005
300649.SZ,2.033
300650.SZ,1.738
300651.SZ,1.713
300652.SZ,1.025
300653.SZ,1.544
300654.SZ,1.981
300655.SZ,1.724
300656.SZ,1.842
300657.SZ,2.874
300658.SZ,1.551
300659.SZ,2.589
300660.SZ,2.666
300661.SZ,2.556
300662.SZ,1.012
300663.SZ,2.251
300664.SZ,1.501
300665.SZ,1.61
300666.SZ,1.004
300667.SZ,2.266
300668.SZ,2.587
300669.SZ,1.33
300670.SZ,2.716
300671.SZ,1.4
300672.SZ,1.604
300673.SZ,1.841
300674.SZ,1.011
300675.SZ,1.012
300676.SZ,1.008
300677.SZ,3.113
300678.SZ,1.81
300679.SZ,2.382
300680.SZ,1.826
300681.SZ,1.014
300682.SZ,1.514
300683.SZ,1.016
300684.SZ,2.948
300685.SZ,2.722
300686.SZ,1.611
300687.SZ,2.739
300688.SZ,1.411
300689.SZ,1.011
300690.SZ,2.638
300691.SZ,2.629
300692.SZ,1.513
300693.SZ,1.531
300694.SZ,1.01
300695.SZ,1.081
300696.SZ,2.59
300697.SZ,2.213
300698.SZ,1.001
300699.SZ,1.433
300700.SZ,1.009
300701.SZ,1.535
300702.SZ,1.51
300703.SZ,2.385
300705.SZ,2.019
300706.SZ,1.805
300707.SZ,2.021
300708.SZ,1.005
300709.SZ,1.319
300710.SZ,1.009
300711.SZ,1.449
300712.SZ,1.325
300713.SZ,2.705
300715.SZ,2.028
300716.SZ,1.521
300717.SZ,1.636
300718.SZ,2.057
300719.SZ,1.568
300720.SZ,1.547
300721.SZ,1.017
300722.SZ,1.874
300723.SZ,1.013
300724.SZ,1.008
300725.SZ,2.552
300726.SZ,1.027
300727.SZ,1.331
300729.SZ,1.645
300730.SZ,1.717
300731.SZ,1.422
300732.SZ,3.117
300733.SZ,1.027
300735.SZ,1.885
300736.SZ,2.466
300737.SZ,1.008
300738.SZ,5.553
300739.SZ,2.324
300740.SZ,2.57
300741.SZ,1.216
300742.SZ,1.0
300743.SZ,1.537
300745.SZ,1.005
300746.SZ,1.016
300747.SZ,2.262
300748.SZ,1.007
300749.SZ,1.822
300750.SZ,1.003
300751.SZ,1.009
300752.SZ,1.642
300753.SZ,1.325
300755.SZ,1.822
300756.SZ,2.577
300757.SZ,1.314
300758.SZ,1.862
300759.SZ,1.004
300760.SZ,1.013
300761.SZ,1.051
300762.SZ,1.602
300763.SZ,1.761
300765.SZ,2.106
300766.SZ,1.002
300767.SZ,1.804
300768.SZ,1.003
300769.SZ,1.823
300770.SZ,1.808
300771.SZ,1.618
300772.SZ,1.012
300773.SZ,2.057
300775.SZ,1.008
300776.SZ,1.613
300777.SZ,1.002
300778.SZ,1.27
300779.SZ,1.01
300780.SZ,1.006
300781.SZ,1.018
300782.SZ,1.808
300783.SZ,1.003
300785.SZ,1.499
300786.SZ,1.609
300787.SZ,1.513
300788.SZ,1.008
300789.SZ,1.006
300790.SZ,1.839
300791.SZ,1.507
300792.SZ,1.805
300793.SZ,1.613
300795.SZ,1.044
300796.SZ,1.004
300797.SZ,1.002
300798.SZ,1.003
300799.SZ,1.503
300800.SZ,2.014
300801.SZ,1.842
300802.SZ,1.606
300803.SZ,1.002
300805.SZ,1.004
300806.SZ,1.003
300807.SZ,1.018
300808.SZ,1.003
300809.SZ,1.009
300810.SZ,1.002
300811.SZ,1.005
300812.SZ,1.009
300813.SZ,1.009
300815.SZ,1.002
300816.SZ,1.003
300817.SZ,1.209
300818.SZ,1.006
300819.SZ,1.0
300820.SZ,1.509
300821.SZ,1.038
300822.SZ,1.53
300823.SZ,1.007
300824.SZ,1.016
300825.SZ,1.0
300826.SZ,1.0
300827.SZ,1.0
300828.SZ,1.008
300829.SZ,1.0
300830.SZ,1.0
300831.SZ,1.001
300832.SZ,1.009
300833.SZ,1.0
300835.SZ,1.009
300836.SZ,1.0
300837.SZ,1.007
300838.SZ,1.0
300839.SZ,1.009
300840.SZ,1.0
300841.SZ,1.0
300842.SZ,1.0
300843.SZ,1.0
300845.SZ,1.025
300846.SZ,1.002
300847.SZ,1.0
300848.SZ,2.005
300849.SZ,1.0
300850.SZ,1.0
300851.SZ,1.008
300852.SZ,1.0
300853.SZ,1.004
300855.SZ,1.0
300856.SZ,1.002
300857.SZ,1.0
300858.SZ,1.0
300859.SZ,1.0
300860.SZ,1.914
300861.SZ,1.0
300862.SZ,1.0
300863.SZ,1.0
300864.SZ,1.0
300865.SZ,1.0
300866.SZ,1.0
300867.SZ,1.0
300868.SZ,1.0
300869.SZ,1.0
300870.SZ,1.0
300871.SZ,1.0
300872.SZ,1.0
300873.SZ,1.0
300875.SZ,1.0
300876.SZ,1.0
300877.SZ,1.0
300878.SZ,1.0
300879.SZ,1.0
300880.SZ,1.0
300881.SZ,1.0
300882.SZ,1.0
300883.SZ,1.0
300884.SZ,1.0
300885.SZ,1.0
300886.SZ,1.0
300887.SZ,1.81
300888.SZ,1.0
300889.SZ,1.0
300890.SZ,1.0
300891.SZ,1.0
300892.SZ,1.0
300893.SZ,1.0
300894.SZ,1.0
300895.SZ,1.0
300896.SZ,1.808
300897.SZ,1.0
300898.SZ,1.0
300899.SZ,1.0
300900.SZ,1.0
300901.SZ,1.0
300902.SZ,1.013
300903.SZ,1.0
300905.SZ,1.0
300906.SZ,1.0
300907.SZ,1.0
300908.SZ,1.0
300909.SZ,1.0
300910.SZ,1.0
300911.SZ,1.0
300912.SZ,1.0
300913.SZ,1.0
300915.SZ,1.0
300916.SZ,1.0
300917.SZ,1.0
300918.SZ,1.0
300919.SZ,1.0
300920.SZ,1.0
300921.SZ,1.0
300922.SZ,1.0
300923.SZ,1.0
300925.SZ,1.0
300926.SZ,1.0
300927.SZ,1.0
300928.SZ,1.0
300929.SZ,1.0
300930.SZ,1.0
300931.SZ,1.0
300932.SZ,1.0
300933.SZ,1.0
300935.SZ,1.0
300936.SZ,1.0
300937.SZ,1.0
300938.SZ,1.0
300939.SZ,1.0
300940.SZ,1.0
300941.SZ,1.0
300942.SZ,1.0
300943.SZ,1.0
300945.SZ,1.0
300946.SZ,1.0
300947.SZ,1.0
300948.SZ,1.0
300949.SZ,1.0
300950.SZ,1.0
300951.SZ,1.0
300952.SZ,1.0
300953.SZ,1.0
300955.SZ,1.0
300956.SZ,1.0
300957.SZ,1.0
300958.SZ,1.0
300959.SZ,1.0
300960.SZ,1.0
300961.SZ,1.0
300962.SZ,1.0
300963.SZ,1.0
300965.SZ,1.0
300966.SZ,1.0
300967.SZ,1.0
300968.SZ,1.0
300969.SZ,1.0
300970.SZ,1.0
300971.SZ,1.0
300972.SZ,1.0
300973.SZ,1.0
300975.SZ,1.0
300976.SZ,1.0
300977.SZ,1.0
300978.SZ,1.0
300979.SZ,1.0
300980.SZ,1.0
300983.SZ,1.0
300999.SZ,1.0
600000.SH,13.405
600004.SH,2.607
600006.SH,3.667
600007.SH,1.8
600008.SH,8.326
600009.SH,3.072
600010.SH,8.333
600011.SH,4.777
600012.SH,2.345
600015.SH,4.55
600016.SH,27.386
600017.SH,3.291
600018.SH,1.438
600019.SH,2.596
600020.SH,4.122
600021.SH,2.201
600022.SH,5.551
600023.SH,1.709
600025.SH,1.099
600026.SH,1.704
600027.SH,1.797
600028.SH,3.305
600029.SH,1.7
600030.SH,5.569
600031.SH,48.24
600033.SH,7.193
600035.SH,3.06
600036.SH,5.061
600037.SH,5.49
600038.SH,3.042
600039.SH,7.88
600048.SH,21.617
600050.SH,1.59
600051.SH,4.639
600052.SH,3.482
600053.SH,2.257
600054.SH,4.432
600055.SH,14.594
600056.SH,9.423
600057.SH,9.948
600058.SH,4.763
600059.SH,8.307
600060.SH,5.837
600061.SH,5.961
600062.SH,7.857
600063.SH,13.554
600064.SH,17.699
600066.SH,44.525
600067.SH,22.067
600068.SH,6.289
600070.SH,9.957
600071.SH,5.748
600072.SH,4.206
600073.SH,3.143
600075.SH,10.566
600076.SH,3.265
600077.SH,8.38
600078.SH,6.651
600079.SH,13.371
600080.SH,5.158
600081.SH,9.489
600082.SH,5.981
600083.SH,1.0
600085.SH,11.43
600088.SH,3.607
600089.SH,38.769
600090.SH,5.067
600091.SH,2.575
600093.SH,3.316
600094.SH,2.742
600095.SH,3.34
600096.SH,2.467
600097.SH,1.469
600098.SH,5.432
600099.SH,2.75
600100.SH,21.268
600101.SH,5.548
600103.SH,5.351
600104.SH,9.732
600105.SH,11.617
600106.SH,7.976
600107.SH,2.589
600108.SH,9.725
600109.SH,8.653
600110.SH,14.09
600111.SH,19.627
600112.SH,4.034
600113.SH,4.666
600114.SH,6.431
600115.SH,1.387
600116.SH,6.187
600117.SH,2.75
600118.SH,16.751
600119.SH,2.945
600120.SH,59.549
600121.SH,4.945
600122.SH,5.893
600123.SH,7.967
600125.SH,16.552
600126.SH,5.365
600127.SH,5.087
600128.SH,2.993
600129.SH,3.125
600130.SH,6.031
600131.SH,5.187
600132.SH,5.519
600133.SH,4.146
600135.SH,2.879
600136.SH,2.492
600137.SH,1.529
600138.SH,5.351
600139.SH,8.959
600141.SH,3.339
600143.SH,19.471
600145.SH,10.041
600146.SH,1.32
600148.SH,2.804
600149.SH,2.889
600150.SH,3.3
600151.SH,4.769
600152.SH,3.065
600153.SH,16.183
600155.SH,2.904
600156.SH,1.897
600157.SH,50.759
600158.SH,6.488
600159.SH,5.025
600160.SH,10.689
600161.SH,13.093
600162.SH,7.741
600163.SH,2.351
600165.SH,4.972
600166.SH,26.217
600167.SH,3.703
600168.SH,2.237
600169.SH,10.144
600170.SH,15.548
600171.SH,2.759
600172.SH,9.345
600173.SH,2.281
600176.SH,14.883
600177.SH,37.77
600178.SH,2.108
600179.SH,2.408
600180.SH,2.857
600182.SH,1.177
600183.SH,12.002
600184.SH,3.258
600185.SH,7.18
600186.SH,5.445
600187.SH,4.558
600188.SH,3.372
600189.SH,2.744
600190.SH,2.688
600191.SH,2.55
600192.SH,1.781
600193.SH,6.699
600195.SH,6.24
600196.SH,14.007
600197.SH,3.864
600199.SH,4.72
600200.SH,11.086
600201.SH,15.426
600202.SH,4.961
600203.SH,1.685
600206.SH,4.158
600207.SH,1.555
600208.SH,6.838
600209.SH,3.508
600210.SH,7.998
600211.SH,2.283
600212.SH,2.718
600213.SH,1.571
600215.SH,2.195
600216.SH,6.083
600217.SH,4.518
600218.SH,2.039
600219.SH,7.12
600220.SH,8.547
600221.SH,3.21
600222.SH,4.073
600223.SH,1.862
600225.SH,2.683
600226.SH,28.613
600227.SH,5.75
600228.SH,2.169
600229.SH,1.502
600230.SH,2.179
600231.SH,8.654
600232.SH,2.819
600233.SH,5.061
600234.SH,2.353
600235.SH,2.2
600236.SH,7.078
600237.SH,4.203
600238.SH,4.012
600239.SH,19.173
600241.SH,2.512
600242.SH,1.088
600243.SH,1.597
600246.SH,12.463
600248.SH,3.799
600249.SH,4.419
600250.SH,2.71
600251.SH,8.529
600252.SH,37.61
600255.SH,13.598
600256.SH,42.581
600257.SH,6.544
600258.SH,2.462
600259.SH,1.051
600260.SH,6.151
600261.SH,19.309
600262.SH,1.501
600265.SH,1.659
600266.SH,6.197
600267.SH,6.846
600268.SH,7.18
600269.SH,11.733
600271.SH,19.273
600272.SH,1.275
600273.SH,1.649
600275.SH,2.756
600276.SH,53.355
600277.SH,4.204
600278.SH,2.14
600279.SH,2.445
600280.SH,11.473
600281.SH,1.933
600282.SH,6.389
600283.SH,1.624
600284.SH,3.401
600285.SH,7.123
600287.SH,5.073
600288.SH,4.56
600289.SH,7.365
600290.SH,5.03
600291.SH,3.234
600292.SH,4.253
600293.SH,3.323
600295.SH,3.246
600297.SH,6.555
600298.SH,8.114
600299.SH,2.994
600301.SH,1.764
600302.SH,2.973
600303.SH,6.572
600305.SH,9.788
600306.SH,1.719
600307.SH,4.229
600308.SH,7.227
600309.SH,38.438
600310.SH,8.424
600311.SH,4.499
600312.SH,6.586
600313.SH,4.197
600315.SH,5.497
600316.SH,4.366
600318.SH,3.181
600319.SH,1.471
600320.SH,13.61
600321.SH,7.785
600322.SH,3.15
600323.SH,3.69
600325.SH,9.081
600326.SH,8.045
600327.SH,15.19
600328.SH,3.106
600329.SH,3.154
600330.SH,4.907
600331.SH,9.0
600332.SH,1.511
600333.SH,2.631
600335.SH,5.421
600336.SH,3.091
600337.SH,13.882
600338.SH,1.896
600339.SH,4.087
600340.SH,24.437
600343.SH,3.064
600345.SH,1.977
600346.SH,9.954
600348.SH,9.117
600350.SH,2.341
600351.SH,7.34
600352.SH,18.613
600353.SH,7.517
600354.SH,2.983
600355.SH,5.819
600356.SH,2.068
600358.SH,3.527
600359.SH,1.583
600360.SH,7.785
600361.SH,5.363
600362.SH,1.609
600363.SH,3.242
600365.SH,2.635
600366.SH,11.786
600367.SH,4.346
600368.SH,3.395
600369.SH,4.758
600370.SH,6.52
600371.SH,3.958
600372.SH,3.01
600373.SH,4.406
600375.SH,3.748
600376.SH,9.452
600377.SH,2.894
600378.SH,3.659
600379.SH,2.742
600380.SH,11.159
600381.SH,1.019
600382.SH,5.172
600383.SH,16.414
600386.SH,5.66
600387.SH,2.86
600388.SH,8.566
600389.SH,3.315
600390.SH,5.879
600391.SH,2.35
600392.SH,9.866
600393.SH,9.075
600395.SH,5.268
600396.SH,6.566
600397.SH,3.985
600398.SH,8.328
600399.SH,3.441
600400.SH,12.32
600403.SH,5.295
600405.SH,7.101
600406.SH,27.409
600408.SH,4.214
600409.SH,6.739
600410.SH,12.632
600415.SH,40.772
600416.SH,3.428
600418.SH,6.317
600419.SH,3.202
600420.SH,9.149
600421.SH,1.921
600422.SH,10.03
600423.SH,3.636
600425.SH,5.899
600426.SH,9.011
600428.SH,6.324
600429.SH,1.445
600433.SH,6.431
600435.SH,13.457
600436.SH,6.54
600438.SH,10.924
600439.SH,15.844
600444.SH,2.05
600446.SH,16.432
600448.SH,2.186
600449.SH,3.837
600452.SH,4.42
600455.SH,1.13
600456.SH,2.642
600458.SH,8.052
600459.SH,4.031
600460.SH,14.871
600461.SH,4.428
600462.SH,4.519
600463.SH,2.93
600466.SH,6.752
600467.SH,9.063
600468.SH,12.162
600469.SH,2.657
600470.SH,2.436
600475.SH,2.622
600476.SH,2.053
600477.SH,31.113
600478.SH,10.226
600479.SH,12.46
600480.SH,2.948
600481.SH,9.745
600482.SH,2.892
600483.SH,2.617
600486.SH,3.801
600487.SH,10.582
600488.SH,7.108
600489.SH,11.758
600490.SH,13.974
600491.SH,10.762
600493.SH,2.59
600495.SH,7.514
600496.SH,9.893
600497.SH,21.479
600498.SH,3.661
600499.SH,29.406
600500.SH,8.62
600501.SH,4.727
600502.SH,12.815
600503.SH,3.025
600505.SH,3.315
600506.SH,1.327
600507.SH,18.753
600508.SH,3.34
600509.SH,6.248
600510.SH,5.764
600511.SH,5.559
600512.SH,6.379
600513.SH,6.327
600515.SH,2.216
600516.SH,12.558
600517.SH,21.068
600518.SH,45.142
600519.SH,7.404
600520.SH,2.342
600521.SH,18.266
600522.SH,8.489
600523.SH,2.045
600525.SH,12.706
600526.SH,3.902
600527.SH,24.744
600528.SH,4.486
600529.SH,7.969
600530.SH,6.396
600531.SH,10.413
600532.SH,2.339
600533.SH,8.997
600535.SH,11.653
600536.SH,5.3
600537.SH,4.435
600538.SH,3.082
600539.SH,1.214
600540.SH,3.453
600543.SH,2.465
600545.SH,4.253
600546.SH,8.141
600547.SH,21.87
600548.SH,2.424
600549.SH,13.234
600550.SH,7.636
600551.SH,3.681
600552.SH,8.173
600555.SH,4.286
600556.SH,4.884
600557.SH,8.817
600558.SH,6.999
600559.SH,6.895
600560.SH,4.556
600561.SH,2.787
600562.SH,7.069
600563.SH,2.814
600565.SH,11.91
600566.SH,2.155
600567.SH,3.976
600568.SH,12.719
600569.SH,2.638
600570.SH,24.429
600571.SH,10.666
600572.SH,15.136
600573.SH,1.316
600575.SH,18.402
600576.SH,3.15
600577.SH,24.12
600578.SH,5.46
600579.SH,1.883
600580.SH,7.202
600581.SH,6.617
600582.SH,38.011
600583.SH,19.949
600584.SH,4.783
600585.SH,4.751
600586.SH,13.036
600587.SH,5.55
600588.SH,55.216
600589.SH,4.275
600590.SH,4.431
600592.SH,3.353
600593.SH,1.921
600594.SH,16.533
600595.SH,7.997
600596.SH,8.054
600597.SH,2.474
600598.SH,2.498
600599.SH,2.205
600600.SH,1.688
600601.SH,5817.385
600602.SH,530.135
600603.SH,173.279
600604.SH,52.546
600605.SH,35.262
600606.SH,135.776
600608.SH,96.539
600609.SH,25.927
600610.SH,79.35
600611.SH,697.881
600612.SH,129.252
600613.SH,27.775
600615.SH,54.797
600616.SH,376.958
600617.SH,42.891
600618.SH,25.206
600619.SH,55.159
600620.SH,423.606
600621.SH,290.403
600622.SH,227.392
600623.SH,28.687
600624.SH,17.667
600626.SH,10.688
600628.SH,47.645
600629.SH,5.606
600630.SH,3.199
600633.SH,7.77
600635.SH,142.655
600636.SH,13.263
600637.SH,4.83
600638.SH,15.122
600639.SH,6.155
600640.SH,8.496
600641.SH,20.621
600642.SH,9.364
600643.SH,7.68
600644.SH,11.618
600645.SH,18.139
600647.SH,16.025
600648.SH,6.756
600649.SH,14.579
600650.SH,4.308
600651.SH,5951.086
600652.SH,5440.222
600653.SH,10055.64
600654.SH,1506.964
600655.SH,209.45
600657.SH,16.512
600658.SH,6.537
600660.SH,80.683
600661.SH,5.11
600662.SH,58.638
600663.SH,12.668
600664.SH,10.007
600665.SH,4.389
600666.SH,11.327
600667.SH,5.034
600668.SH,6.519
600671.SH,3.269
600673.SH,13.692
600674.SH,19.841
600675.SH,40.4
600676.SH,13.818
600678.SH,4.222
600679.SH,2.503
600681.SH,9.292
600682.SH,12.651
600683.SH,6.438
600684.SH,15.168
600685.SH,2.019
600686.SH,13.017
600688.SH,3.824
600689.SH,2.552
600690.SH,37.725
600691.SH,9.458
600692.SH,8.374
600693.SH,10.508
600694.SH,4.872
600695.SH,2.321
600696.SH,3.304
600697.SH,2.905
600698.SH,5.222
600699.SH,4.073
600701.SH,4.76
600702.SH,3.472
600703.SH,21.332
600704.SH,19.557
600705.SH,51.135
600706.SH,2.373
600707.SH,2.273
600708.SH,12.512
600710.SH,6.095
600711.SH,9.959
600712.SH,6.357
600713.SH,10.695
600714.SH,2.623
600715.SH,3.888
600716.SH,4.748
600717.SH,26.128
600718.SH,17.03
600719.SH,5.471
600720.SH,11.542
600721.SH,1.452
600722.SH,5.892
600723.SH,3.131
600724.SH,12.326
600725.SH,8.235
600726.SH,3.597
600727.SH,5.275
600728.SH,12.863
600729.SH,3.172
600730.SH,5.539
600731.SH,6.409
600732.SH,4.863
600733.SH,9.36
600734.SH,3.659
600735.SH,5.475
600736.SH,27.327
600737.SH,11.395
600738.SH,7.463
600739.SH,30.626
600740.SH,10.028
600741.SH,46.484
600742.SH,18.725
600743.SH,12.822
600744.SH,4.106
600745.SH,2.131
600746.SH,7.353
600748.SH,6.308
600749.SH,3.127
600750.SH,16.062
600751.SH,4.621
600753.SH,3.144
600754.SH,3.074
600755.SH,21.1
600756.SH,5.224
600757.SH,6.784
600759.SH,4.465
600760.SH,4.928
600761.SH,12.367
600763.SH,2.415
600764.SH,8.154
600765.SH,9.074
600766.SH,4.225
600767.SH,3.774
600768.SH,3.339
600769.SH,5.58
600770.SH,21.002
600771.SH,7.446
600773.SH,6.226
600774.SH,6.396
600775.SH,1.459
600776.SH,4.748
600777.SH,30.515
600778.SH,3.766
600779.SH,6.651
600780.SH,11.247
600781.SH,2.14
600782.SH,11.408
600783.SH,6.117
600784.SH,7.18
600785.SH,4.664
600787.SH,30.504
600789.SH,2.788
600790.SH,11.626
600791.SH,7.325
600792.SH,6.756
600793.SH,2.426
600794.SH,20.612
600795.SH,266.411
600796.SH,8.519
600797.SH,12.559
600798.SH,8.119
600800.SH,9.904
600801.SH,9.69
600802.SH,3.386
600803.SH,6.335
600804.SH,8.058
600805.SH,14.398
600807.SH,6.536
600808.SH,2.199
600809.SH,4.424
600810.SH,4.287
600811.SH,15.624
600812.SH,3.982
600814.SH,6.131
600815.SH,6.364
600816.SH,30.964
600817.SH,4.465
600818.SH,2.15
600819.SH,3.394
600820.SH,18.914
600821.SH,4.462
600822.SH,2.728
600823.SH,35.867
600824.SH,26.271
600825.SH,12.688
600826.SH,4.998
600827.SH,8.534
600828.SH,10.986
600829.SH,9.478
600830.SH,9.921
600831.SH,6.396
600833.SH,7.384
600834.SH,3.934
600835.SH,5.085
600836.SH,13.65
600837.SH,22.985
600838.SH,9.114
600839.SH,27.973
600841.SH,2.868
600843.SH,2.805
600844.SH,6.935
600845.SH,5.73
600846.SH,15.755
600847.SH,1.862
600848.SH,2.286
600850.SH,7.01
600851.SH,11.853
600853.SH,3.157
600854.SH,6.131
600855.SH,1.619
600856.SH,5.616
600857.SH,5.706
600858.SH,6.949
600859.SH,4.558
600860.SH,1.661
600861.SH,2.424
600862.SH,7.256
600863.SH,18.456
600864.SH,10.457
600865.SH,4.989
600866.SH,14.624
600867.SH,33.844
600868.SH,28.063
600869.SH,10.694
600870.SH,8.269
600871.SH,2.464
600872.SH,11.072
600873.SH,7.046
600874.SH,1.694
600875.SH,3.08
600876.SH,1.427
600877.SH,4.641
600879.SH,36.556
600880.SH,29.283
600881.SH,46.915
600882.SH,2.379
600883.SH,4.706
600884.SH,27.285
600885.SH,3.989
600886.SH,48.257
600887.SH,75.751
600888.SH,12.377
600889.SH,4.63
600890.SH,5.544
600891.SH,3.442
600892.SH,6.323
600893.SH,3.299
600894.SH,3.39
600895.SH,19.847
600896.SH,4.938
600897.SH,5.073
600898.SH,2.708
600900.SH,3.191
600901.SH,1.094
600903.SH,1.421
600908.SH,1.107
600909.SH,1.04
600916.SH,1.0
600917.SH,1.079
600918.SH,1.0
600919.SH,1.22
600926.SH,2.174
600928.SH,1.055
600929.SH,1.012
600933.SH,1.068
600936.SH,1.025
600939.SH,1.046
600956.SH,1.014
600958.SH,1.091
600959.SH,1.362
600960.SH,4.424
600961.SH,1.504
600962.SH,1.893
600963.SH,4.461
600965.SH,2.094
600966.SH,6.956
600967.SH,5.208
600968.SH,1.015
600969.SH,2.054
600970.SH,13.128
600971.SH,9.474
600973.SH,8.728
600975.SH,7.258
600976.SH,2.927
600977.SH,1.079
600979.SH,5.414
600980.SH,1.786
600981.SH,4.933
600982.SH,4.032
600983.SH,2.484
600984.SH,1.902
600985.SH,3.703
600986.SH,5.815
600987.SH,6.209
600988.SH,5.458
600989.SH,1.061
600990.SH,2.793
600992.SH,1.558
600993.SH,11.612
600995.SH,8.887
600996.SH,1.05
600997.SH,4.032
600998.SH,1.038
600999.SH,1.931
601000.SH,5.077
601001.SH,2.146
601002.SH,1.086
601003.SH,5.116
601005.SH,1.051
601006.SH,1.908
601007.SH,1.114
601008.SH,1.657
601009.SH,5.374
601010.SH,4.566
601011.SH,2.607
601012.SH,9.755
601015.SH,2.056
601016.SH,2.136
601018.SH,1.229
601019.SH,1.123
601020.SH,1.028
601021.SH,2.053
601028.SH,2.388
601038.SH,1.038
601058.SH,5.085
601066.SH,1.034
601068.SH,1.005
601069.SH,1.007
601077.SH,1.048
601086.SH,1.073
601088.SH,1.818
601098.SH,1.291
601099.SH,2.852
601100.SH,3.364
601101.SH,3.201
601106.SH,1.008
601107.SH,1.289
601108.SH,1.035
601111.SH,1.145
601113.SH,2.116
601116.SH,1.161
601117.SH,1.156
601118.SH,1.034
601126.SH,2.401
601127.SH,1.04
601128.SH,1.096
601137.SH,2.202
601138.SH,1.024
601139.SH,2.329
601155.SH,1.499
601158.SH,1.5
601162.SH,1.133
601163.SH,1.078
601166.SH,4.313
601168.SH,1.137
601169.SH,3.623
601177.SH,1.026
601179.SH,1.123
601186.SH,1.247
601187.SH,1.0
601188.SH,1.195
601198.SH,1.06
601199.SH,4.528
601200.SH,1.322
601208.SH,2.264
601211.SH,1.127
601212.SH,1.004
601216.SH,14.282
601218.SH,2.317
601222.SH,4.822
601225.SH,1.193
601226.SH,1.541
601228.SH,1.028
601229.SH,2.7
601231.SH,2.166
601233.SH,3.094
601236.SH,1.005
601238.SH,1.682
601258.SH,5.163
601279.SH,1.0
601288.SH,1.646
601298.SH,1.077
601311.SH,2.892
601318.SH,2.519
601319.SH,1.028
601326.SH,1.084
601328.SH,1.959
601330.SH,1.016
601333.SH,1.343
601336.SH,1.097
601339.SH,2.366
601360.SH,2.029
601366.SH,1.089
601368.SH,1.078
601369.SH,2.044
601375.SH,1.032
601377.SH,2.408
601388.SH,5.192
601390.SH,1.199
601398.SH,1.869
601399.SH,1.0
601456.SH,1.0
601500.SH,1.037
601512.SH,1.019
601515.SH,3.155
601518.SH,1.141
601519.SH,2.911
601555.SH,1.189
601566.SH,1.567
601567.SH,5.02
601568.SH,1.0
601577.SH,1.067
601579.SH,1.046
601588.SH,1.25
601595.SH,1.26
601598.SH,1.062
601599.SH,3.266
601600.SH,1.019
601601.SH,1.332
601606.SH,1.006
601607.SH,9.802
601608.SH,1.582
601609.SH,1.007
601611.SH,1.029
601615.SH,1.013
601616.SH,2.019
601618.SH,1.163
601619.SH,1.024
601628.SH,1.226
601633.SH,3.775
601636.SH,3.304
601658.SH,1.042
601666.SH,2.718
601668.SH,1.888
601669.SH,1.205
601677.SH,1.096
601678.SH,4.153
601686.SH,1.036
601688.SH,1.193
601689.SH,1.539
601696.SH,1.001
601698.SH,1.002
601699.SH,6.05
601700.SH,6.024
601702.SH,1.0
601717.SH,2.369
601718.SH,1.113
601727.SH,1.125
601766.SH,1.241
601777.SH,1.175
601778.SH,1.004
601788.SH,1.21
601789.SH,2.28
601798.SH,1.074
601799.SH,1.265
601800.SH,1.278
601801.SH,2.345
601808.SH,1.153
601811.SH,1.12
601816.SH,1.008
601818.SH,1.512
601827.SH,1.0
601828.SH,1.174
601838.SH,1.118
601857.SH,1.394
601858.SH,1.047
601860.SH,1.039
601865.SH,1.009
601866.SH,1.039
601869.SH,1.03
601872.SH,1.251
601877.SH,1.821
601878.SH,1.031
601880.SH,2.616
601881.SH,1.049
601882.SH,1.034
601886.SH,2.386
601888.SH,2.178
601890.SH,2.81
601898.SH,1.209
601899.SH,1.982
601900.SH,1.096
601901.SH,1.038
601908.SH,4.302
601916.SH,1.05
601918.SH,1.526
601919.SH,1.043
601928.SH,1.229
601929.SH,2.185
601933.SH,9.083
601939.SH,1.85
601949.SH,1.058
601952.SH,1.388
601956.SH,1.0
601958.SH,1.419
601963.SH,1.0
601965.SH,1.732
601966.SH,1.064
601968.SH,1.022
601969.SH,1.008
601975.SH,1.0
601985.SH,1.1
601988.SH,1.906
601989.SH,1.685
601990.SH,1.217
601991.SH,2.642
601992.SH,2.26
601995.SH,1.0
601996.SH,4.431
601997.SH,1.573
601998.SH,1.535
601999.SH,1.085
603000.SH,4.187
603001.SH,1.286
603002.SH,1.605
603003.SH,1.012
603005.SH,1.428
603006.SH,2.057
603007.SH,2.564
603008.SH,1.577
603009.SH,2.579
603010.SH,4.544
603011.SH,2.091
603012.SH,2.058
603013.SH,1.056
603015.SH,2.107
603016.SH,1.075
603017.SH,4.458
603018.SH,5.666
603019.SH,3.971
603020.SH,2.158
603021.SH,2.665
603022.SH,2.539
603023.SH,6.842
603025.SH,2.284
603026.SH,1.065
603027.SH,4.028
603028.SH,1.01
603029.SH,1.021
603030.SH,3.05
603031.SH,1.416
603032.SH,1.21
603033.SH,2.827
603035.SH,1.095
603036.SH,1.025
603037.SH,1.46
603038.SH,2.876
603039.SH,3.087
603040.SH,1.765
603041.SH,1.439
603042.SH,1.01
603043.SH,1.038
603045.SH,1.422
603050.SH,1.252
603053.SH,1.015
603055.SH,1.461
603056.SH,1.024
603058.SH,1.028
603059.SH,1.265
603060.SH,2.027
603063.SH,1.014
603066.SH,3.086
603067.SH,2.047
603068.SH,1.007
603069.SH,1.021
603076.SH,1.014
603077.SH,13.946
603078.SH,2.398
603079.SH,1.985
603080.SH,1.011
603081.SH,1.027
603083.SH,2.225
603085.SH,2.633
603086.SH,1.999
603087.SH,1.403
603088.SH,2.944
603089.SH,2.096
603090.SH,1.026
603093.SH,1.002
603095.SH,1.0
603096.SH,1.04
603098.SH,1.258
603099.SH,1.025
603100.SH,1.089
603101.SH,1.987
603103.SH,1.438
603105.SH,1.008
603106.SH,1.438
603108.SH,5.499
603109.SH,1.007
603110.SH,1.483
603111.SH,2.576
603112.SH,1.0
603113.SH,1.045
603115.SH,1.037
603116.SH,1.535
603117.SH,1.474
603118.SH,2.392
603121.SH,1.468
603123.SH,1.162
603126.SH,1.582
603127.SH,2.774
603128.SH,2.783
603129.SH,1.033
603131.SH,2.873
603133.SH,1.011
603136.SH,1.531
603138.SH,3.099
603139.SH,1.022
603155.SH,1.0
603156.SH,2.748
603157.SH,1.056
603158.SH,2.101
603159.SH,1.461
603160.SH,1.021
603161.SH,1.033
603165.SH,2.106
603166.SH,1.333
603167.SH,1.266
603168.SH,4.739
603169.SH,1.627
603177.SH,1.012
603178.SH,1.024
603179.SH,1.924
603180.SH,1.45
603181.SH,2.118
603183.SH,2.813
603185.SH,1.842
603186.SH,1.029
603187.SH,2.02
603188.SH,2.16
603189.SH,1.012
603192.SH,1.027
603195.SH,1.021
603196.SH,1.047
603197.SH,1.464
603198.SH,1.182
603199.SH,1.035
603200.SH,1.397
603203.SH,1.761
603208.SH,1.371
603212.SH,1.002
603214.SH,1.437
603217.SH,1.421
603218.SH,1.896
603220.SH,1.014
603221.SH,1.012
603222.SH,2.03
603223.SH,1.997
603225.SH,2.017
603226.SH,2.421
603227.SH,2.069
603228.SH,2.046
603229.SH,1.413
603232.SH,2.887
603233.SH,1.601
603236.SH,1.202
603238.SH,1.025
603239.SH,3.353
603256.SH,1.012
603258.SH,1.04
603259.SH,1.978
603260.SH,1.446
603266.SH,2.02
603267.SH,1.412
603268.SH,1.426
603269.SH,1.132
603277.SH,1.054
603278.SH,1.442
603279.SH,1.054
603283.SH,1.033
603286.SH,1.015
603288.SH,4.73
603289.SH,1.363
603290.SH,1.002
603297.SH,1.329
603298.SH,1.522
603299.SH,1.041
603300.SH,2.81
603301.SH,1.998
603303.SH,2.162
603305.SH,1.014
603306.SH,2.2
603308.SH,1.025
603309.SH,2.705
603311.SH,1.05
603313.SH,1.374
603315.SH,2.045
603316.SH,1.016
603317.SH,1.464
603318.SH,3.018
603319.SH,1.36
603320.SH,1.328
603321.SH,1.023
603322.SH,1.973
603323.SH,1.538
603324.SH,1.0
603326.SH,2.029
603327.SH,1.01
603328.SH,2.765
603329.SH,1.024
603330.SH,2.62
603331.SH,1.457
603332.SH,1.051
603333.SH,1.534
603335.SH,1.723
603336.SH,2.512
603337.SH,2.237
603338.SH,7.002
603339.SH,1.543
603345.SH,1.03
603348.SH,1.024
603351.SH,2.011
603353.SH,1.008
603355.SH,1.123
603356.SH,1.033
603357.SH,1.475
603358.SH,2.135
603359.SH,1.451
603360.SH,2.122
603363.SH,1.311
603365.SH,1.114
603366.SH,2.383
603367.SH,1.039
603368.SH,2.74
603369.SH,2.686
603377.SH,1.472
603378.SH,1.024
603379.SH,1.421
603380.SH,1.04
603383.SH,2.011
603385.SH,1.421
603386.SH,1.018
603387.SH,2.02
603388.SH,2.858
603389.SH,1.216
603390.SH,1.007
603392.SH,1.0
603393.SH,2.14
603396.SH,1.449
603398.SH,3.116
603399.SH,1.419
603408.SH,1.018
603416.SH,1.426
603421.SH,1.447
603429.SH,5.185
603439.SH,1.0
603444.SH,1.094
603456.SH,3.813
603458.SH,2.028
603466.SH,2.034
603477.SH,1.022
603486.SH,1.414
603488.SH,1.502
603489.SH,1.009
603496.SH,2.017
603499.SH,1.997
603500.SH,1.467
603501.SH,1.004
603505.SH,1.03
603506.SH,1.738
603507.SH,1.02
603508.SH,1.443
603515.SH,1.365
603516.SH,2.035
603517.SH,1.457
603518.SH,1.452
603519.SH,3.111
603520.SH,2.065
603527.SH,2.047
603528.SH,3.108
603530.SH,1.008
603533.SH,1.013
603535.SH,1.019
603536.SH,1.445
603538.SH,1.227
603551.SH,1.018
603555.SH,1.099
603556.SH,1.416
603557.SH,1.059
603558.SH,4.057
603559.SH,1.507
603565.SH,1.0
603566.SH,2.114
603567.SH,2.132
603568.SH,2.767
603569.SH,1.54
603577.SH,2.146
603578.SH,1.029
603579.SH,2.165
603580.SH,1.993
603583.SH,2.082
603585.SH,1.963
603586.SH,1.072
603587.SH,1.351
603588.SH,4.069
603589.SH,1.095
603590.SH,1.027
603595.SH,1.968
603596.SH,1.006
603598.SH,2.013
603599.SH,2.063
603600.SH,2.869
603601.SH,9.25
603602.SH,2.566
603603.SH,1.014
603605.SH,1.02
603606.SH,3.98
603607.SH,2.035
603608.SH,1.559
603609.SH,1.592
603610.SH,1.413
603611.SH,3.05
603612.SH,1.451
603613.SH,1.452
603615.SH,1.127
603616.SH,2.007
603617.SH,2.012
603618.SH,3.142
603619.SH,1.011
603626.SH,2.054
603628.SH,1.009
603629.SH,1.016
603630.SH,1.36
603633.SH,2.122
603636.SH,4.745
603637.SH,2.468
603638.SH,3.254
603639.SH,2.025
603648.SH,1.039
603650.SH,1.034
603655.SH,1.014
603656.SH,2.012
603657.SH,1.469
603658.SH,1.052
603659.SH,1.433
603660.SH,1.99
603661.SH,1.034
603662.SH,1.415
603663.SH,1.438
603665.SH,1.591
603666.SH,1.986
603667.SH,1.379
603668.SH,1.421
603669.SH,3.103
603676.SH,1.012
603677.SH,2.612
603678.SH,2.571
603679.SH,1.413
603680.SH,1.883
603681.SH,1.018
603682.SH,1.038
603683.SH,1.016
603685.SH,1.772
603686.SH,2.933
603687.SH,1.002
603688.SH,1.574
603689.SH,1.048
603690.SH,1.011
603693.SH,1.043
603696.SH,2.217
603697.SH,1.015
603698.SH,1.341
603699.SH,1.161
603700.SH,1.337
603701.SH,3.529
603703.SH,2.526
603706.SH,1.042
603707.SH,2.227
603708.SH,1.812
603709.SH,1.021
603711.SH,1.022
603712.SH,1.006
603713.SH,1.006
603716.SH,3.526
603717.SH,1.415
603718.SH,2.323
603719.SH,1.003
603721.SH,1.321
603722.SH,1.026
603725.SH,1.444
603726.SH,2.13
603727.SH,1.026
603728.SH,1.311
603729.SH,1.408
603730.SH,1.528
603733.SH,1.052
603737.SH,2.638
603738.SH,2.444
603739.SH,1.015
603755.SH,1.007
603757.SH,2.087
603758.SH,1.026
603759.SH,1.0
603766.SH,3.0
603767.SH,1.499
603768.SH,1.024
603773.SH,1.026
603776.SH,2.017
603777.SH,1.457
603778.SH,6.313
603779.SH,1.473
603786.SH,1.006
603787.SH,1.038
603788.SH,1.635
603789.SH,1.322
603790.SH,1.335
603797.SH,2.024
603798.SH,2.082
603799.SH,1.849
603800.SH,1.095
603801.SH,1.488
603803.SH,1.046
603806.SH,1.99
603808.SH,2.12
603809.SH,2.115
603810.SH,1.422
603811.SH,2.071
603813.SH,1.03
603815.SH,1.005
603816.SH,1.508
603817.SH,1.022
603818.SH,2.034
603819.SH,1.903
603822.SH,1.03
603823.SH,1.459
603825.SH,1.45
603826.SH,1.319
603828.SH,4.644
603829.SH,1.026
603833.SH,1.434
603838.SH,2.052
603839.SH,1.575
603843.SH,1.42
603848.SH,1.041
603855.SH,1.128
603856.SH,1.361
603858.SH,1.998
603859.SH,1.013
603860.SH,1.016
603861.SH,1.037
603863.SH,1.008
603866.SH,1.511
603867.SH,1.019
603868.SH,1.137
603869.SH,1.514
603871.SH,2.887
603876.SH,1.015
603877.SH,1.152
603878.SH,2.225
603879.SH,1.968
603880.SH,2.246
603881.SH,1.413
603882.SH,1.008
603883.SH,1.454
603885.SH,2.955
603886.SH,1.138
603887.SH,1.991
603888.SH,2.626
603889.SH,4.365
603890.SH,2.844
603893.SH,1.005
603895.SH,1.41
603896.SH,1.024
603897.SH,1.039
603898.SH,3.222
603899.SH,2.133
603900.SH,1.574
603901.SH,4.107
603903.SH,1.983
603906.SH,1.48
603908.SH,1.087
603909.SH,1.417
603912.SH,1.451
603915.SH,1.015
603916.SH,1.043
603917.SH,1.435
603918.SH,2.655
603919.SH,1.781
603920.SH,1.091
603922.SH,1.02
603926.SH,1.419
603927.SH,1.008
603928.SH,1.06
603929.SH,1.047
603931.SH,1.0
603933.SH,2.032
603936.SH,1.989
603937.SH,1.022
603938.SH,1.332
603939.SH,2.882
603948.SH,1.011
603949.SH,1.421
603950.SH,1.043
603955.SH,1.346
603956.SH,1.014
603958.SH,1.032
603959.SH,1.984
603960.SH,3.125
603963.SH,2.218
603966.SH,1.338
603967.SH,1.048
603968.SH,2.228
603969.SH,4.51
603970.SH,1.497
603976.SH,1.44
603977.SH,2.083
603978.SH,2.016
603979.SH,1.607
603980.SH,1.567
603982.SH,1.008
603983.SH,1.005
603985.SH,2.682
603986.SH,3.959
603987.SH,2.211
603988.SH,3.195
603989.SH,2.208
603990.SH,1.852
603991.SH,1.012
603992.SH,1.011
603993.SH,3.396
603995.SH,1.031
603996.SH,1.536
603997.SH,1.672
603998.SH,4.026
603999.SH,2.455
605001.SH,1.0
605003.SH,1.0
605005.SH,1.0
605006.SH,1.012
605007.SH,1.0
605008.SH,1.0
605009.SH,1.0
605016.SH,1.0
605018.SH,1.0
605050.SH,1.0
605055.SH,1.0
605058.SH,1.0
605060.SH,1.0
605066.SH,1.0
605068.SH,1.0
605077.SH,1.0
605081.SH,1.0
605086.SH,1.0
605088.SH,1.015
605098.SH,1.0
605099.SH,1.0
605100.SH,1.0
605108.SH,1.0
605111.SH,1.0
605116.SH,1.0
605117.SH,1.0
605118.SH,1.0
605122.SH,1.0
605123.SH,1.0
605128.SH,1.0
605133.SH,1.0
605136.SH,1.0
605151.SH,1.0
605155.SH,1.0
605158.SH,1.0
605166.SH,1.0
605168.SH,1.005
605169.SH,1.0
605177.SH,1.0
605178.SH,1.0
605179.SH,1.0
605183.SH,1.0
605186.SH,1.0
605188.SH,1.0
605198.SH,1.0
605199.SH,1.0
605208.SH,1.0
605218.SH,1.0
605222.SH,1.005
605228.SH,1.0
605255.SH,1.0
605258.SH,1.0
605266.SH,1.0
605268.SH,1.0
605277.SH,1.0
605286.SH,1.0
605288.SH,1.0
605289.SH,1.0
605298.SH,1.0
605299.SH,1.0
605303.SH,1.0
605318.SH,1.0
605333.SH,1.0
605336.SH,1.0
605337.SH,1.0
605338.SH,1.0
605358.SH,1.0
605366.SH,1.0
605368.SH,1.0
605369.SH,1.431
605376.SH,1.0
605377.SH,1.0
605378.SH,1.0
605388.SH,1.0
605389.SH,1.0
605398.SH,1.0
605399.SH,1.0
605500.SH,1.0
688001.SH,1.003
688002.SH,1.001
688003.SH,1.007
688004.SH,1.0
688005.SH,1.003
688006.SH,1.005
688007.SH,1.003
688008.SH,1.003
688009.SH,1.032
688010.SH,1.004
688011.SH,1.004
688012.SH,1.0
688013.SH,1.0
688015.SH,1.005
688016.SH,1.002
688017.SH,1.0
688018.SH,1.009
688019.SH,1.001
688020.SH,1.005
688021.SH,1.003
688022.SH,1.007
688023.SH,1.001
688025.SH,1.004
688026.SH,1.006
688027.SH,1.0
688028.SH,1.019
688029.SH,1.005
688030.SH,1.001
688033.SH,1.004
688036.SH,1.011
688037.SH,1.001
688039.SH,1.004
688050.SH,1.0
688051.SH,1.002
688055.SH,1.0
688056.SH,1.0
688057.SH,1.031
688058.SH,1.004
688059.SH,1.0
688060.SH,1.0
688063.SH,1.0
688065.SH,1.0
688066.SH,1.001
688068.SH,1.005
688069.SH,1.004
688070.SH,1.0
688077.SH,1.0
688078.SH,1.005
688079.SH,1.0
688080.SH,1.002
688081.SH,1.006
688083.SH,1.0
688085.SH,1.0
688086.SH,1.003
688088.SH,1.001
688089.SH,1.01
688090.SH,1.003
688092.SH,1.0
688093.SH,1.0
688095.SH,1.0
688096.SH,1.016
688098.SH,1.004
688099.SH,1.002
688100.SH,1.006
688101.SH,1.011
688106.SH,1.009
688108.SH,1.003
688109.SH,1.0
688111.SH,1.001
688116.SH,1.002
688118.SH,1.004
688122.SH,1.009
688123.SH,1.004
688126.SH,1.0
688127.SH,1.0
688128.SH,1.015
688129.SH,1.0
688133.SH,1.0
688135.SH,1.0
688136.SH,1.0
688138.SH,1.003
688139.SH,1.005
688155.SH,1.006
688156.SH,1.0
688157.SH,1.0
688158.SH,1.001
688159.SH,1.001
688160.SH,1.007
688165.SH,1.0
688166.SH,1.002
688168.SH,1.005
688169.SH,1.004
688177.SH,1.0
688178.SH,1.012
688179.SH,1.0
688180.SH,1.0
688181.SH,1.005
688183.SH,1.0
688185.SH,1.0
688186.SH,1.015
688188.SH,1.005
688189.SH,1.0
688191.SH,1.0
688195.SH,1.0
688196.SH,1.02
688198.SH,1.002
688199.SH,1.018
688200.SH,1.002
688201.SH,1.0
688202.SH,1.0
688208.SH,1.016
688215.SH,1.0
688218.SH,1.005
688219.SH,1.0
688221.SH,1.0
688222.SH,1.002
688228.SH,1.005
688229.SH,1.01
688233.SH,1.003
688256.SH,1.0
688258.SH,1.002
688260.SH,1.0
688266.SH,1.0
688268.SH,1.003
688277.SH,1.0
688278.SH,1.0
688286.SH,1.0
688288.SH,1.009
688289.SH,1.007
688298.SH,1.002
688299.SH,1.007
688300.SH,1.008
688301.SH,1.0
688308.SH,1.0
688309.SH,1.0
688310.SH,1.01
688311.SH,1.003
688312.SH,1.005
688313.SH,1.0
688315.SH,1.0
688316.SH,1.0
688317.SH,1.0
688318.SH,1.003
688321.SH,1.0
688328.SH,1.0
688329.SH,1.0
688330.SH,1.0
688333.SH,1.002
688335.SH,1.0
688336.SH,1.0
688338.SH,1.0
688339.SH,1.0
688350.SH,1.0
688356.SH,1.0
688357.SH,1.011
688358.SH,1.013
688360.SH,1.0
688363.SH,1.003
688365.SH,1.002
688366.SH,1.006
688368.SH,1.006
688369.SH,1.006
688377.SH,1.0
688378.SH,1.0
688379.SH,1.0
688386.SH,1.0
688388.SH,1.008
688389.SH,1.011
688390.SH,1.0
688393.SH,1.0
688396.SH,1.001
688398.SH,1.005
688399.SH,1.013
688408.SH,1.0
688418.SH,1.0
688456.SH,1.0
688466.SH,1.002
688468.SH,1.0
688488.SH,1.0
688500.SH,1.0
688505.SH,1.0
688508.SH,1.0
688510.SH,1.0
688513.SH,1.0
688516.SH,1.005
688518.SH,1.0
688519.SH,1.0
688520.SH,1.0
688521.SH,1.0
688526.SH,1.0
688528.SH,1.0
688529.SH,1.0
688533.SH,1.0
688536.SH,1.0
688550.SH,1.0
688551.SH,1.0
688555.SH,1.0
688556.SH,1.0
688557.SH,1.0
688558.SH,1.0
688559.SH,1.0
688560.SH,1.0
688561.SH,1.0
688566.SH,1.007
688567.SH,1.0
688568.SH,1.0
688569.SH,1.004
688571.SH,1.0
688577.SH,1.0
688578.SH,1.0
688579.SH,1.0
688580.SH,1.0
688585.SH,1.0
688586.SH,1.0
688588.SH,1.005
688589.SH,1.0
688590.SH,1.0
688595.SH,1.0
688596.SH,1.0
688598.SH,1.002
688599.SH,1.006
688600.SH,1.0
688606.SH,1.0
688607.SH,1.0
688608.SH,1.0
688609.SH,1.0
688611.SH,1.0
688616.SH,1.0
688617.SH,1.0
688618.SH,1.0
688619.SH,1.0
688626.SH,1.0
688628.SH,1.0
688630.SH,1.0
688633.SH,1.0
688636.SH,1.0
688639.SH,1.0
688656.SH,1.0
688658.SH,1.0
688659.SH,1.0
688661.SH,1.0
688662.SH,1.0
688663.SH,1.0
688665.SH,1.0
688667.SH,1.0
688668.SH,1.0
688669.SH,1.0
688676.SH,1.0
688677.SH,1.0
688678.SH,1.0
688679.SH,1.0
688680.SH,1.0
688682.SH,1.0
688683.SH,1.0
688686.SH,1.0
688687.SH,1.0
688689.SH,1.0
688696.SH,1.0
688698.SH,1.0
688699.SH,1.0
688777.SH,1.0
688788.SH,1.0
688819.SH,1.0
688981.SH,1.0
000301.SZ,2.293
000613.SZ,1.43
000670.SZ,10.09
000760.SZ,8.186
000792.SZ,7.369
002198.SZ,5.082
002260.SZ,2.31
002359.SZ,5.171
002711.SZ,7.187
300362.SZ,3.002
300534.SZ,3.519
300981.SZ,1.0
300982.SZ,1.0
600084.SH,7.186
600198.SH,1.814
600247.SH,4.678
600300.SH,7.172
600385.SH,2.42
600401.SH,18.868
600485.SH,2.826
600614.SH,167.722
600634.SH,8.783
600656.SH,17.771
600677.SH,6.381
600680.SH,3.918
600758.SH,2.784
600978.SH,5.041
605089.SH,1.0
